[
   {
      "title":"AC",
      "slug":"ac-used-parts"
   },
   {
      "title":"AM General",
      "slug":"am-general-used-parts"
   },
   {
      "title":"AMC",
      "slug":"amc-used-parts"
   },
   {
      "title":"Acura",
      "slug":"acura-used-parts"
   },
   {
      "title":"Alfa Romeo",
      "slug":"alfa-romeo-used-parts"
   },
   {
      "title":"Alvis",
      "slug":"alvis-used-parts"
   },
   {
      "title":"Aston Martin",
      "slug":"aston-martin-used-parts"
   },
   {
      "title":"Audi",
      "slug":"audi-used-parts"
   },
   {
      "title":"Austin",
      "slug":"austin-used-parts"
   },
   {
      "title":"Austin-Healey",
      "slug":"austin-healey-used-parts"
   },
   {
      "title":"BMW",
      "slug":"bmw-used-parts"
   },
   {
      "title":"Bentley",
      "slug":"bentley-used-parts"
   },
   {
      "title":"Bertone",
      "slug":"bertone-used-parts"  },
   {
      "title":"Bristol",
      "slug":"bristol-used-parts"  },
   {
      "title":"Bugatti",
      "slug":"bugatti-used-parts"  },
   {
      "title":"Buick",
      "slug":"buick-used-parts"  },
   {
      "title":"Cadillac",
      "slug":"cadillac-used-parts"  },
   {
      "title":"Checker",
      "slug":"checker-used-parts"  },
   {
      "title":"Chevrolet",
      "slug":"chevrolet-used-parts"  },
   {
      "title":"Chrysler",
      "slug":"chrysler-used-parts"  },
   {
      "title":"Citron",
      "slug":"citron-used-parts"  },
   {
      "title":"Daewoo",
      "slug":"daewoo-used-parts"  },
   {
      "title":"Daihatsu",
      "slug":"daihatsu-used-parts"  },
   {
      "title":"Daimler",
      "slug":"daimler-used-parts"  },
   {
      "title":"Datsun",
      "slug":"datsun-used-parts"  },
   {
      "title":"DeLorean",
      "slug":"delorean-used-parts"  },
   {
      "title":"DeSoto",
      "slug":"desoto-used-parts"  },
   {
      "title":"DeTomaso",
      "slug":"detomaso-used-parts"  },
   {
      "title":"Dodge",
      "slug":"dodge-used-parts"  },
   {
      "title":"Eagle",
      "slug":"eagle-used-parts"  },
   {
      "title":"Edsel",
      "slug":"edsel-used-parts"  },
   {
      "title":"FIAT",
      "slug":"fiat-used-parts"  },
   {
      "title":"Ferrari",
      "slug":"ferrari-used-parts"  },
   {
      "title":"Fisker",
      "slug":"fisker-used-parts"  },
   {
      "title":"Ford",
      "slug":"ford-used-parts"  },
   {
      "title":"GMC",
      "slug":"gmc-used-parts"  },
   {
      "title":"Genesis",
      "slug":"genesis-used-parts"  },
   {
      "title":"Geo",
      "slug":"geo-used-parts"  },
   {
      "title":"HUMMER",
      "slug":"hummer-used-parts"  },
   {
      "title":"Hillman",
      "slug":"hillman-used-parts"  },
   {
      "title":"Honda",
      "slug":"honda-used-parts"  },
   {
      "title":"Hudson",
      "slug":"hudson-used-parts"  },
   {
      "title":"Hyundai",
      "slug":"hyundai-used-parts"  },
   {
      "title":"INFINITI",
      "slug":"infiniti-used-parts"  },
   {
      "title":"ISO",
      "slug":"iso-used-parts"  },
   {
      "title":"Imperial",
      "slug":"imperial-used-parts"  },
   {
      "title":"Isuzu",
      "slug":"isuzu-used-parts"  },
   {
      "title":"Jaguar",
      "slug":"jaguar-used-parts"  },
   {
      "title":"Jeep",
      "slug":"jeep-used-parts"  },
   {
      "title":"Jensen",
      "slug":"jensen-used-parts"  },
   {
      "title":"Kia",
      "slug":"kia-used-parts"  },
   {
      "title":"Lada",
      "slug":"lada-used-parts"  },
   {
      "title":"Lagonda",
      "slug":"lagonda-used-parts"  },
   {
      "title":"Lamborghini",
      "slug":"lamborghini-used-parts"  },
   {
      "title":"Lancia",
      "slug":"lancia-used-parts"  },
   {
      "title":"Land Rover",
      "slug":"land-rover-used-parts"  },
   {
      "title":"Lexus",
      "slug":"lexus-used-parts"  },
   {
      "title":"Lincoln",
      "slug":"lincoln-used-parts"  },
   {
      "title":"Lotus",
      "slug":"lotus-used-parts"  },
   {
      "title":"MG",
      "slug":"mg-used-parts"  },
   {
      "title":"MINI",
      "slug":"mini-used-parts"  },
   {
      "title":"Maserati",
      "slug":"maserati-used-parts"  },
   {
      "title":"Maybach",
      "slug":"maybach-used-parts"  },
   {
      "title":"Mazda",
      "slug":"mazda-used-parts"  },
   {
      "title":"McLaren",
      "slug":"mclaren-used-parts"  },
   {
      "title":"Mercedes",
      "slug":"mercedes-used-parts"  },
   {
      "title":"Mercedes-Benz",
      "slug":"mercedes-benz-used-parts"  },
   {
      "title":"Mercury",
      "slug":"mercury-used-parts"  },
   {
      "title":"Merkur",
      "slug":"merkur-used-parts"  },
   {
      "title":"Mitsubishi",
      "slug":"mitsubishi-used-parts"  },
   {
      "title":"Morgan",
      "slug":"morgan-used-parts"  },
   {
      "title":"Morris",
      "slug":"morris-used-parts"  },
   {
      "title":"NSU",
      "slug":"nsu-used-parts"  },
   {
      "title":"Nash",
      "slug":"nash-used-parts"  },
   {
      "title":"Nash-Healey",
      "slug":"nash-healey-used-parts"  },
   {
      "title":"Nissan",
      "slug":"nissan-used-parts"  },
   {
      "title":"Oldsmobile",
      "slug":"oldsmobile-used-parts"  },
   {
      "title":"Opel",
      "slug":"opel-used-parts"  },
   {
      "title":"Packard",
      "slug":"packard-used-parts"  },
   {
      "title":"Panoz",
      "slug":"panoz-used-parts"  },
   {
      "title":"Panther",
      "slug":"panther-used-parts"  },
   {
      "title":"Peugeot",
      "slug":"peugeot-used-parts"  },
   {
      "title":"Pininfarina",
      "slug":"pininfarina-used-parts"  },
   {
      "title":"Plymouth",
      "slug":"plymouth-used-parts"  },
   {
      "title":"Polestar",
      "slug":"polestar-used-parts"  },
   {
      "title":"Pontiac",
      "slug":"pontiac-used-parts"  },
   {
      "title":"Porsche",
      "slug":"porsche-used-parts"  },
   {
      "title":"Ram",
      "slug":"ram-used-parts"  },
   {
      "title":"Rambler",
      "slug":"rambler-used-parts"  },
   {
      "title":"Renault",
      "slug":"renault-used-parts"  },
   {
      "title":"Riley",
      "slug":"riley-used-parts"  },
   {
      "title":"Rolls-Royce",
      "slug":"rolls-royce-used-parts"  },
   {
      "title":"Rover",
      "slug":"rover-used-parts"  },
   {
      "title":"Saab",
      "slug":"saab-used-parts"  },
   {
      "title":"Saturn",
      "slug":"saturn-used-parts"  },
   {
      "title":"Scion",
      "slug":"scion-used-parts"  },
   {
      "title":"Spyker",
      "slug":"spyker-used-parts"  },
   {
         "title":"Smart",
         "slug":"smart-used-parts"  },
   {
      "title":"Studebaker",
      "slug":"studebaker-used-parts"  },
   {
      "title":"Subaru",
      "slug":"subaru-used-parts"  },
   {
      "title":"Sunbeam",
      "slug":"sunbeam-used-parts"  },
   {
      "title":"Suzuki",
      "slug":"suzuki-used-parts"  },
   {
      "title":"Tatra",
      "slug":"tatra-used-parts"  },
   {
      "title":"Tesla",
      "slug":"tesla-used-parts"  },
   {
      "title":"Toyota",
      "slug":"toyota-used-parts"  },
   {
      "title":"Triumph",
      "slug":"triumph-used-parts"  },
   {
      "title":"Volkswagen",
      "slug":"volkswagen-used-parts"  },
   {
      "title":"Volvo",
      "slug":"volvo-used-parts"  },
   {
      "title":"Zastava",
      "slug":"zastava-used-parts"  }  
 ]