[
   {
      "title": "8 Track Player",
      "slug": ""
   },
   {
      "title": "A Pillar Trim",
      "slug": ""
   },
   {
      "title": "A-Arm (Lower, Rear)",
      "slug": ""
   },
   {
      "title": "A-Arm (Upper, Rear)",
      "slug": ""
   },
   {
      "title": "A/C Blower Motor",
      "slug": ""
   },
   {
      "title": "A/C Bracket",
      "slug": ""
   },
   {
      "title": "A/C Compressor",
      "slug": "used-ac-compressor"
   },
   {
      "title": "A/C Compressor Bracket",
      "slug": "used-ac-compressor"
   },
   {
      "title": "A/C Compressor Clutch",
      "slug": "used-ac-compressor"
   },
   {
      "title": "A/C Condenser",
      "slug": "used-ac-condenser"
   },
   {
      "title": "A/C Condenser Fan",
      "slug": "used-ac-condenser"
   },
   {
      "title": "A/C Condenser Fan (Electric)",
      "slug": "used-ac-condenser"
   },
   {
      "title": "A/C Condenser Fan Blade",
      "slug": "used-ac-condenser"
   },
   {
      "title": "A/C Condenser Fan Motor",
      "slug": "used-ac-condenser"
   },
   {
      "title": "A/C Control Computer",
      "slug": ""
   },
   {
      "title": "A/C Controls",
      "slug": ""
   },
   {
      "title": "A/C Evaporator",
      "slug": ""
   },
   {
      "title": "A/C Evaporator Housing",
      "slug": ""
   },
   {
      "title": "A/C Evaporator Housing only",
      "slug": ""
   },
   {
      "title": "A/C Heater Control ",
      "slug": ""
   },
   {
      "title": "A/C Hose",
      "slug": ""
   },
   {
      "title": "A/C Hoses / Lines",
      "slug": ""
   },
   {
      "title": "A/C Housing",
      "slug": ""
   },
   {
      "title": "A/C Programmer",
      "slug": ""
   },
   {
      "title": "A/C Relay",
      "slug": ""
   },
   {
      "title": "A/C Wiring Harness",
      "slug": ""
   },
   {
      "title": "ABS Accumulator",
      "slug": "used-abs-assembly"
   },
   {
      "title": "ABS Actuator",
      "slug": "used-abs-assembly"
   },
   {
      "title": "ABS Combination Valve",
      "slug": "used-abs-assembly"
   },
   {
      "title": "ABS Control Module (Computer)",
      "slug": "used-abs-assembly"
   },
   {
      "title": "ABS Isolation Dump Valve",
      "slug": "used-abs-assembly"
   },
   {
      "title": "ABS Modulator",
      "slug": "used-abs-assembly"
   },
   {
      "title": "ABS Precharge Pump Motor",
      "slug": "used-abs-assembly"
   },
   {
      "title": "ABS Pump",
      "slug": "used-abs-assembly"
   },
   {
      "title": "ABS Relay",
      "slug": "used-abs-assembly"
   },
   {
      "title": "ABS Sensor",
      "slug": "used-abs-assembly"
   },
   {
      "title": "ABS Unit",
      "slug": "used-abs-assembly"
   },
   {
      "title": "Accelerator Cable",
      "slug": ""
   },
   {
      "title": "Accelerator Control Module (Computer)",
      "slug": ""
   },
   {
      "title": "Accelerator Linkage",
      "slug": ""
   },
   {
      "title": "Accelerator Parts",
      "slug": ""
   },
   {
      "title": "Accelerator Pedal",
      "slug": ""
   },
   {
      "title": "Accessory Holders",
      "slug": ""
   },
   {
      "title": "Active Body Control Module (Computer, ABC)",
      "slug": ""
   },
   {
      "title": "Adaptive Cruise Projector",
      "slug": ""
   },
   {
      "title": "Aftermarket Accessories / Parts",
      "slug": ""
   },
   {
      "title": "Air &amp; Fuel Control Module (Computer)",
      "slug": ""
   },
   {
      "title": "Air Bag",
      "slug": ""
   },
   {
      "title": "Air Bag Clockspring",
      "slug": ""
   },
   {
      "title": "Air Bag Ctrl Module",
      "slug": ""
   },
   {
      "title": "Air Box / Air Cleaner",
      "slug": ""
   },
   {
      "title": "Air Cleaner Assembly",
      "slug": ""
   },
   {
      "title": "Air Cleaner Box",
      "slug": ""
   },
   {
      "title": "Air Cleaner Housing",
      "slug": ""
   },
   {
      "title": "Air Cond. / Heater Vents",
      "slug": ""
   },
   {
      "title": "Air Dam (Front)",
      "slug": ""
   },
   {
      "title": "Air Flow Meter",
      "slug": ""
   },
   {
      "title": "Air Injection Pump",
      "slug": ""
   },
   {
      "title": "Air Injection Pump Bracket",
      "slug": ""
   },
   {
      "title": "Air Intake Distributor",
      "slug": ""
   },
   {
      "title": "Air Pump",
      "slug": ""
   },
   {
      "title": "Air Regulator Assembly",
      "slug": ""
   },
   {
      "title": "Air Ride Compressor",
      "slug": ""
   },
   {
      "title": "Air Shock",
      "slug": "used-strut-assembly"
   },
   {
      "title": "Air Shutter",
      "slug": ""
   },
   {
      "title": "Air Spring",
      "slug": ""
   },
   {
      "title": "Air Strut",
      "slug": "used-strut-assembly"
   },
   {
      "title": "Air Tube / Resonator",
      "slug": ""
   },
   {
      "title": "Airbag",
      "slug": ""
   },
   {
      "title": "Airbag Control Module (Computer, SRS)",
      "slug": ""
   },
   {
      "title": "Airbag Detector",
      "slug": ""
   },
   {
      "title": "Alternator",
      "slug": "used-alternator-assembly"
   },
   {
      "title": "Alternator Bracket",
      "slug": "used-alternator-assembly"
   },
   {
      "title": "Altitude Switch",
      "slug": ""
   },
   {
      "title": "Amplifier (Radio)",
      "slug": ""
   },
   {
      "title": "Amplifier (Speaker)",
      "slug": ""
   },
   {
      "title": "Amplifier / Radio",
      "slug": ""
   },
   {
      "title": "Antenna",
      "slug": ""
   },
   {
      "title": "Antenna (Radio)",
      "slug": ""
   },
   {
      "title": "Antenna Amplifier",
      "slug": ""
   },
   {
      "title": "Antenna Booster",
      "slug": ""
   },
   {
      "title": "Antenna Switch",
      "slug": ""
   },
   {
      "title": "Anti-Lock Brake Computer",
      "slug": "used-abs-assembly"
   },
   {
      "title": "Anti-Lock Brake Pump",
      "slug": "used-abs-assembly"
   },
   {
      "title": "Anti-Roll Bar",
      "slug": ""
   },
   {
      "title": "Anti-Theft Control Module (Computer)",
      "slug": ""
   },
   {
      "title": "Armrest",
      "slug": ""
   },
   {
      "title": "Ash Tray / Lighter",
      "slug": ""
   },
   {
      "title": "Ashtray",
      "slug": ""
   },
   {
      "title": "Audio Controls (on Column)",
      "slug": ""
   },
   {
      "title": "Audio Processor",
      "slug": ""
   },
   {
      "title": "Audio Tuner",
      "slug": ""
   },
   {
      "title": "Audiovisual (A / V) ",
      "slug": ""
   },
   {
      "title": "Auto. Trans. Cooler",
      "slug": ""
   },
   {
      "title": "Automatic Floor Shifter",
      "slug": ""
   },
   {
      "title": "Automatic Headlight Dimmer",
      "slug": ""
   },
   {
      "title": "Automatic Transmission Assembly",
      "slug": ""
   },
   {
      "title": "Auxiliary Air Regulator",
      "slug": ""
   },
   {
      "title": "Auxiliary Instrument Cluster",
      "slug": ""
   },
   {
      "title": "Auxiliary Leaf Spring (Rear)",
      "slug": ""
   },
   {
      "title": "Auxiliary Transmission Cooler",
      "slug": ""
   },
   {
      "title": "Auxiliary Water Pump",
      "slug": ""
   },
   {
      "title": "Axle Actuator (4WD)",
      "slug": "used-axle-assembly"
   },
   {
      "title": "Axle Actuator (4x4)",
      "slug": "used-axle-assembly"
   },
   {
      "title": "Axle Assembly (Front, 4x4)",
      "slug": "used-axle-assembly"
   },
   {
      "title": "Axle Assembly (Rear, Complete Rearend)",
      "slug": "used-axle-assembly"
   },
   {
      "title": "Axle Assy Fr (4WD w. Housing)",
      "slug": "used-axle-assembly"
   },
   {
      "title": "Axle Assy Rear (w. Housing)",
      "slug": "used-axle-assembly"
   },
   {
      "title": "Axle Beam (Front)",
      "slug": "used-axle-assembly"
   },
   {
      "title": "Axle Beam Front (2WD, incl I Beam Susp)",
      "slug": "used-axle-assembly"
   },
   {
      "title": "Axle Beam Rear (FWD)",
      "slug": "used-axle-assembly"
   },
   {
      "title": "Axle Flange",
      "slug": "used-axle-assembly"
   },
   {
      "title": "Axle Housing (Stripped)",
      "slug": "used-axle-assembly"
   },
   {
      "title": "Axle Housing Only",
      "slug": "used-axle-assembly"
   },
   {
      "title": "Axle Shaft",
      "slug": "used-axle-assembly"
   },
   {
      "title": "Axle Stub (Front)",
      "slug": ""
   },
   {
      "title": "B Pillar Trim",
      "slug": ""
   },
   {
      "title": "Back Door (above rear bumper)",
      "slug": "used-car-door-assembly"
   },
   {
      "title": "Back Door Glass",
      "slug": "used-car-door-assembly"
   },
   {
      "title": "Back Door Handle, Inside",
      "slug": "used-car-door-assembly"
   },
   {
      "title": "Back Door Handle, Outside",
      "slug": "used-car-door-assembly"
   },
   {
      "title": "Back Door Hinge",
      "slug": "used-car-door-assembly"
   },
   {
      "title": "Back Door Moulding",
      "slug": "used-car-door-assembly"
   },
   {
      "title": "Back Door Shell",
      "slug": "used-car-door-assembly"
   },
   {
      "title": "Back Door Trim Panel",
      "slug": "used-car-door-assembly"
   },
   {
      "title": "Back Glass",
      "slug": ""
   },
   {
      "title": "Back Glass Motor",
      "slug": ""
   },
   {
      "title": "Back Glass Regulator",
      "slug": ""
   },
   {
      "title": "Back Glass Shock",
      "slug": ""
   },
   {
      "title": "Back Glass Strut",
      "slug": ""
   },
   {
      "title": "Back Glass Washer Motor",
      "slug": ""
   },
   {
      "title": "Back Glass Washer Switch (on Column)",
      "slug": ""
   },
   {
      "title": "Back Glass Washer Switch (on Dash)",
      "slug": ""
   },
   {
      "title": "Back Glass Wiper Motor",
      "slug": ""
   },
   {
      "title": "Back Glass Wiper Switch (on Column)",
      "slug": ""
   },
   {
      "title": "Back Glass Wiper Switch (on Dash)",
      "slug": ""
   },
   {
      "title": "Backing Plate (Front)",
      "slug": ""
   },
   {
      "title": "Backing Plate (Rear)",
      "slug": ""
   },
   {
      "title": "Backing Plate, Front",
      "slug": ""
   },
   {
      "title": "Backing Plate, Rear",
      "slug": ""
   },
   {
      "title": "Backup Camera",
      "slug": ""
   },
   {
      "title": "Backup Light",
      "slug": ""
   },
   {
      "title": "Battery",
      "slug": ""
   },
   {
      "title": "Battery Box",
      "slug": ""
   },
   {
      "title": "Battery Cable",
      "slug": ""
   },
   {
      "title": "Battery Terminal",
      "slug": ""
   },
   {
      "title": "Battery Tray",
      "slug": ""
   },
   {
      "title": "Beam Axle (Rear, Loaded FWD Cars)",
      "slug": ""
   },
   {
      "title": "Bed Floor (Pickup)",
      "slug": ""
   },
   {
      "title": "Bed Front Panel (Pickup)",
      "slug": ""
   },
   {
      "title": "Bed Liner",
      "slug": ""
   },
   {
      "title": "Bed Side, Pickup",
      "slug": ""
   },
   {
      "title": "Bed, Pickup",
      "slug": ""
   },
   {
      "title": "Bell Housing",
      "slug": ""
   },
   {
      "title": "Belt Tensioner",
      "slug": ""
   },
   {
      "title": "Blind Spot Camera",
      "slug": ""
   },
   {
      "title": "Blower Motor",
      "slug": ""
   },
   {
      "title": "Body Control Module (Computer, BCM)",
      "slug": ""
   },
   {
      "title": "Body Wiring Harness",
      "slug": ""
   },
   {
      "title": "Boost Ventilator",
      "slug": ""
   },
   {
      "title": "Brake Booster",
      "slug": ""
   },
   {
      "title": "Brake Caliper",
      "slug": ""
   },
   {
      "title": "Brake Combination Valve",
      "slug": ""
   },
   {
      "title": "Brake Drum (Front)",
      "slug": ""
   },
   {
      "title": "Brake Drum (Rear)",
      "slug": ""
   },
   {
      "title": "Brake Master Cylinder",
      "slug": ""
   },
   {
      "title": "Brake Proportioning Valve",
      "slug": ""
   },
   {
      "title": "Brake Relay",
      "slug": ""
   },
   {
      "title": "Brake Rotor (Front)",
      "slug": ""
   },
   {
      "title": "Brake Rotor (Rear)",
      "slug": ""
   },
   {
      "title": "Brake Rotor / Drum, Front",
      "slug": ""
   },
   {
      "title": "Brake Rotor / Drum, Rear",
      "slug": ""
   },
   {
      "title": "Brake Shoes / Pads",
      "slug": ""
   },
   {
      "title": "Brake / Clutch Pedal",
      "slug": ""
   },
   {
      "title": "Brake / Clutch Pedal Box",
      "slug": ""
   },
   {
      "title": "Brush Guard",
      "slug": ""
   },
   {
      "title": "Bumper Assembly (Front, Complete)",
      "slug": "used-bumper-assembly"
   },
   {
      "title": "Bumper Assembly (Rear, Complete)",
      "slug": "used-bumper-assembly"
   },
   {
      "title": "Bumper Assy (Front) includes cover",
      "slug": "used-bumper-assembly"
   },
   {
      "title": "Bumper Assy (Rear) includes cover",
      "slug": "used-bumper-assembly"
   },
   {
      "title": "Bumper Bracket (Misc)",
      "slug": "used-bumper-assembly"
   },
   {
      "title": "Bumper Cover (Front, Cover Only)",
      "slug": "used-bumper-assembly"
   },
   {
      "title": "Bumper Cover (Front)",
      "slug": "used-bumper-assembly"
   },
   {
      "title": "Bumper Cover (Rear, Cover Only)",
      "slug": "used-bumper-assembly"
   },
   {
      "title": "Bumper Cover (Rear)",
      "slug": "used-bumper-assembly"
   },
   {
      "title": "Bumper End Cap",
      "slug": "used-bumper-assembly"
   },
   {
      "title": "Bumper End Cap (Bumper Ends)",
      "slug": "used-bumper-assembly"
   },
   {
      "title": "Bumper Energy Absorber (Front)",
      "slug": "used-bumper-assembly"
   },
   {
      "title": "Bumper Energy Absorber (Rear)",
      "slug": "used-bumper-assembly"
   },
   {
      "title": "Bumper Face Bar (Front)",
      "slug": "used-bumper-assembly"
   },
   {
      "title": "Bumper Face Bar (Rear)",
      "slug": "used-bumper-assembly"
   },
   {
      "title": "Bumper Filler Panel",
      "slug": "used-bumper-assembly"
   },
   {
      "title": "Bumper Guard (Front)",
      "slug": "used-bumper-assembly"
   },
   {
      "title": "Bumper Guard (Rear)",
      "slug": "used-bumper-assembly"
   },
   {
      "title": "Bumper Impact Strip",
      "slug": "used-bumper-assembly"
   },
   {
      "title": "Bumper Jack",
      "slug": "used-bumper-assembly"
   },
   {
      "title": "Bumper Reinforcement (Front)",
      "slug": "used-bumper-assembly"
   },
   {
      "title": "Bumper Reinforcement (Rear)",
      "slug": "used-bumper-assembly"
   },
   {
      "title": "Bumper Shock",
      "slug": "used-bumper-assembly"
   },
   {
      "title": "Bumper Step Pad",
      "slug": "used-bumper-assembly"
   },
   {
      "title": "C Pillar Trim",
      "slug": ""
   },
   {
      "title": "Cab",
      "slug": ""
   },
   {
      "title": "Cab Clip",
      "slug": ""
   },
   {
      "title": "Cab Clip, no cowl",
      "slug": ""
   },
   {
      "title": "Cab Corner",
      "slug": ""
   },
   {
      "title": "Cabin Air Filter",
      "slug": ""
   },
   {
      "title": "Cabin Fuse Box",
      "slug": ""
   },
   {
      "title": "Calibrator Module (Computer, EEC)",
      "slug": ""
   },
   {
      "title": "Caliper",
      "slug": ""
   },
   {
      "title": "Caliper (Brake)",
      "slug": ""
   },
   {
      "title": "Cam Angle Sensor",
      "slug": ""
   },
   {
      "title": "Cam Position Sensor",
      "slug": ""
   },
   {
      "title": "Camber Link (Rear)",
      "slug": ""
   },
   {
      "title": "Camber Strut (Rear)",
      "slug": ""
   },
   {
      "title": "Camera",
      "slug": ""
   },
   {
      "title": "Camera Projector",
      "slug": ""
   },
   {
      "title": "Camshaft",
      "slug": ""
   },
   {
      "title": "Camshaft Housing",
      "slug": ""
   },
   {
      "title": "Carburetor",
      "slug": ""
   },
   {
      "title": "Carburetor ",
      "slug": ""
   },
   {
      "title": "Cargo Cover",
      "slug": ""
   },
   {
      "title": "Cargo Cover / Shade",
      "slug": ""
   },
   {
      "title": "Cargo Lamp",
      "slug": ""
   },
   {
      "title": "Cargo Shade",
      "slug": ""
   },
   {
      "title": "Carpet",
      "slug": ""
   },
   {
      "title": "Carpet (Front)",
      "slug": ""
   },
   {
      "title": "Carpet (Rear)",
      "slug": ""
   },
   {
      "title": "Carpet (Trunk)",
      "slug": ""
   },
   {
      "title": "Carrier ",
      "slug": ""
   },
   {
      "title": "Carrier Assembly",
      "slug": ""
   },
   {
      "title": "Carrier Case",
      "slug": ""
   },
   {
      "title": "Cassette Player",
      "slug": ""
   },
   {
      "title": "Catalytic Converter",
      "slug": ""
   },
   {
      "title": "CD Changer",
      "slug": ""
   },
   {
      "title": "CD Player",
      "slug": ""
   },
   {
      "title": "CD Player / Radio",
      "slug": ""
   },
   {
      "title": "Center Cap",
      "slug": ""
   },
   {
      "title": "Center Cap (Wheel)",
      "slug": ""
   },
   {
      "title": "Center Console",
      "slug": ""
   },
   {
      "title": "Center Pillar",
      "slug": ""
   },
   {
      "title": "Center Post",
      "slug": ""
   },
   {
      "title": "Central Port Injector Assembly",
      "slug": ""
   },
   {
      "title": "Charcoal Canister",
      "slug": ""
   },
   {
      "title": "Charge Air Unit",
      "slug": ""
   },
   {
      "title": "Charged Air Coolant Radiator",
      "slug": ""
   },
   {
      "title": "Charged Air Intercooler",
      "slug": ""
   },
   {
      "title": "Charging Port Door Assembly",
      "slug": ""
   },
   {
      "title": "Chassis (Complete)",
      "slug": ""
   },
   {
      "title": "Chassis Control Computer (not Engine)",
      "slug": ""
   },
   {
      "title": "Chassis Mounts",
      "slug": ""
   },
   {
      "title": "Cigarette Lighter",
      "slug": ""
   },
   {
      "title": "Climate Control Module (Computer)",
      "slug": ""
   },
   {
      "title": "Climate Controls",
      "slug": ""
   },
   {
      "title": "Clock",
      "slug": ""
   },
   {
      "title": "Clock Spring",
      "slug": ""
   },
   {
      "title": "Clockspring (Air Bag)",
      "slug": ""
   },
   {
      "title": "Clutch Cable",
      "slug": ""
   },
   {
      "title": "Clutch Disc",
      "slug": ""
   },
   {
      "title": "Clutch Fork",
      "slug": ""
   },
   {
      "title": "Clutch Master Cylinder",
      "slug": ""
   },
   {
      "title": "Clutch Plate",
      "slug": ""
   },
   {
      "title": "Clutch Pressure Plate",
      "slug": ""
   },
   {
      "title": "Clutch Slave Cylinder",
      "slug": ""
   },
   {
      "title": "Coil",
      "slug": ""
   },
   {
      "title": "Coil Spring",
      "slug": ""
   },
   {
      "title": "Coil / Air Spring",
      "slug": ""
   },
   {
      "title": "Coil / Igniter",
      "slug": ""
   },
   {
      "title": "Cold Start Injector",
      "slug": ""
   },
   {
      "title": "Cold Start Valve",
      "slug": ""
   },
   {
      "title": "Column",
      "slug": ""
   },
   {
      "title": "Column Switch",
      "slug": ""
   },
   {
      "title": "Combustion Control Module (Computer)",
      "slug": ""
   },
   {
      "title": "Communication Control Module (Computer)",
      "slug": ""
   },
   {
      "title": "Compact Spare",
      "slug": ""
   },
   {
      "title": "Compression Rod",
      "slug": ""
   },
   {
      "title": "Computer Box Engine",
      "slug": "used-engine-control-module"
   },
   {
      "title": "Computer Box Not Engine",
      "slug": ""
   },
   {
      "title": "Condenser",
      "slug": "used-ac-condenser"
   },
   {
      "title": "Condenser Fan (Electric)",
      "slug": "used-ac-condenser"
   },
   {
      "title": "Condenser Fan Blade",
      "slug": "used-ac-condenser"
   },
   {
      "title": "Condenser Fan Motor",
      "slug": "used-ac-condenser"
   },
   {
      "title": "Condenser / Radiator mtd. Cooling Fan",
      "slug": "used-radiator"
   },
   {
      "title": "Condition Indicator (Computer)",
      "slug": ""
   },
   {
      "title": "Connecting Rod",
      "slug": ""
   },
   {
      "title": "Connecting Rod, Engine",
      "slug": ""
   },
   {
      "title": "Console",
      "slug": ""
   },
   {
      "title": "Console Switches",
      "slug": ""
   },
   {
      "title": "Console, Front",
      "slug": ""
   },
   {
      "title": "Console, Rear",
      "slug": ""
   },
   {
      "title": "Control Arm (Lower, Front)",
      "slug": ""
   },
   {
      "title": "Control Arm (Lower, Rear)",
      "slug": ""
   },
   {
      "title": "Control Arm (Upper, Front)",
      "slug": ""
   },
   {
      "title": "Control Arm (Upper, Rear)",
      "slug": ""
   },
   {
      "title": "Control Arm, Front Lower",
      "slug": ""
   },
   {
      "title": "Control Arm, Front Upper",
      "slug": ""
   },
   {
      "title": "Control Arm, Rear Lower",
      "slug": ""
   },
   {
      "title": "Control Arm, Rear Upper",
      "slug": ""
   },
   {
      "title": "Converter / Inverter / Charger",
      "slug": ""
   },
   {
      "title": "Convertible Top",
      "slug": ""
   },
   {
      "title": "Convertible Top Boot",
      "slug": ""
   },
   {
      "title": "Convertible Top Boot Cover",
      "slug": ""
   },
   {
      "title": "Convertible Top Control Module (Computer)",
      "slug": ""
   },
   {
      "title": "Convertible Top Drive",
      "slug": ""
   },
   {
      "title": "Convertible Top Lift",
      "slug": ""
   },
   {
      "title": "Convertible Top Motor",
      "slug": ""
   },
   {
      "title": "Convertible Top Pump",
      "slug": ""
   },
   {
      "title": "Convertible Top Relay",
      "slug": ""
   },
   {
      "title": "Convertible Top Switch",
      "slug": ""
   },
   {
      "title": "Convertible Windscreen",
      "slug": ""
   },
   {
      "title": "Coolant Overflow Bottle",
      "slug": ""
   },
   {
      "title": "Coolant Pump",
      "slug": ""
   },
   {
      "title": "Coolant Reservoir",
      "slug": ""
   },
   {
      "title": "Cooling Fan (Rad and Con mtd.)",
      "slug": ""
   },
   {
      "title": "Cooling Fan Blade",
      "slug": ""
   },
   {
      "title": "Cooling Fan Clutch",
      "slug": ""
   },
   {
      "title": "Cooling Fan Control Module (Computer)",
      "slug": ""
   },
   {
      "title": "Cooling Fan Motor",
      "slug": ""
   },
   {
      "title": "Cooling Fan Relay",
      "slug": ""
   },
   {
      "title": "Cooling Fan(s) (Electric)",
      "slug": ""
   },
   {
      "title": "Core (Radiator) Support",
      "slug": ""
   },
   {
      "title": "Cornering Lamp",
      "slug": ""
   },
   {
      "title": "Cowl",
      "slug": ""
   },
   {
      "title": "Cowl Vent Panel",
      "slug": ""
   },
   {
      "title": "Crank Angle Sensor",
      "slug": ""
   },
   {
      "title": "Crank Position Sensor",
      "slug": ""
   },
   {
      "title": "Crank Pulley (Harmonic Balancer)",
      "slug": ""
   },
   {
      "title": "Crankshaft",
      "slug": ""
   },
   {
      "title": "Cross Strut",
      "slug": ""
   },
   {
      "title": "Cruise Control Computer",
      "slug": ""
   },
   {
      "title": "Cruise Control Module (Computer)",
      "slug": ""
   },
   {
      "title": "Cruise Control Regulator",
      "slug": ""
   },
   {
      "title": "Cruise Control Servo",
      "slug": ""
   },
   {
      "title": "Cruise Control Servo / Regulator",
      "slug": ""
   },
   {
      "title": "Cruise Control Switch (on Column)",
      "slug": ""
   },
   {
      "title": "Cruise Control Switch (on Dash)",
      "slug": ""
   },
   {
      "title": "Cruise Speed Controler",
      "slug": ""
   },
   {
      "title": "Cylinder Head",
      "slug": "used-cylinder-head"
   },
   {
      "title": "Cylinder Head (Engine)",
      "slug": "used-cylinder-head"
   },
   {
      "title": "D Pillar",
      "slug": ""
   },
   {
      "title": "Dash Bezel",
      "slug": ""
   },
   {
      "title": "Dash Integrated Control Module (Computer, DICE)",
      "slug": ""
   },
   {
      "title": "Dash Pad",
      "slug": ""
   },
   {
      "title": "Dash Panel",
      "slug": ""
   },
   {
      "title": "Dash Wiring Harness",
      "slug": ""
   },
   {
      "title": "Dash / Interior / Seat Switch",
      "slug": ""
   },
   {
      "title": "Dashboard Assembly",
      "slug": ""
   },
   {
      "title": "Dashboard Bezel",
      "slug": ""
   },
   {
      "title": "Dashboard Pad",
      "slug": ""
   },
   {
      "title": "Dashboard Panel",
      "slug": ""
   },
   {
      "title": "Dashboard Switches",
      "slug": ""
   },
   {
      "title": "Dashboard Wiring Harness",
      "slug": ""
   },
   {
      "title": "Deck Lid",
      "slug": ""
   },
   {
      "title": "Decklid",
      "slug": ""
   },
   {
      "title": "Decklid Hinge",
      "slug": ""
   },
   {
      "title": "Decklid Moulding",
      "slug": ""
   },
   {
      "title": "Decklid Pulldown Motor",
      "slug": ""
   },
   {
      "title": "Decklid Rack",
      "slug": ""
   },
   {
      "title": "Decklid Strut",
      "slug": ""
   },
   {
      "title": "Defroster Relay",
      "slug": ""
   },
   {
      "title": "Defroster Timer (Computer)",
      "slug": ""
   },
   {
      "title": "DI / APC Control Module (Computer)",
      "slug": ""
   },
   {
      "title": "Diagnosis Pump (Fuel)",
      "slug": ""
   },
   {
      "title": "Diagnostic Module (Computer)",
      "slug": ""
   },
   {
      "title": "Diesel Particulate Filter",
      "slug": ""
   },
   {
      "title": "Differential Assembly ",
      "slug": ""
   },
   {
      "title": "Differential Assembly (Not Rear End)",
      "slug": ""
   },
   {
      "title": "Differential Case",
      "slug": ""
   },
   {
      "title": "Differential Case Only",
      "slug": ""
   },
   {
      "title": "Differential Flange",
      "slug": ""
   },
   {
      "title": "Differential Flange Only",
      "slug": ""
   },
   {
      "title": "Differential Lock Control Module (Computer)",
      "slug": ""
   },
   {
      "title": "Differential Side Gears",
      "slug": ""
   },
   {
      "title": "Distributor",
      "slug": ""
   },
   {
      "title": "Door Assembly (Front)",
      "slug": "used-car-door-assembly"
   },
   {
      "title": "Door Assembly (Rear, Back, Vans Trucks Only)",
      "slug": "used-car-door-assembly"
   },
   {
      "title": "Door Assembly (Rear, Side)",
      "slug": "used-car-door-assembly"
   },
   {
      "title": "Door Assembly (Slider)",
      "slug": "used-car-door-assembly"
   },
   {
      "title": "Door Back (door above rear bumper)",
      "slug": "used-car-door-assembly"
   },
   {
      "title": "Door Control Module (Computer)",
      "slug": "used-car-door-assembly"
   },
   {
      "title": "Door Front",
      "slug": "used-car-door-assembly"
   },
   {
      "title": "Door Glass (Front)",
      "slug": "used-car-door-assembly"
   },
   {
      "title": "Door Glass (Rear, Back)",
      "slug": "used-car-door-assembly"
   },
   {
      "title": "Door Glass (Rear, Side)",
      "slug": "used-car-door-assembly"
   },
   {
      "title": "Door Glass (Slider)",
      "slug": "used-car-door-assembly"
   },
   {
      "title": "Door Handle (Inside)",
      "slug": "used-car-door-assembly"
   },
   {
      "title": "Door Handle (Outside)",
      "slug": "used-car-door-assembly"
   },
   {
      "title": "Door Handle, Inside",
      "slug": "used-car-door-assembly"
   },
   {
      "title": "Door Handle, Outside",
      "slug": "used-car-door-assembly"
   },
   {
      "title": "Door Hinge (Front)",
      "slug": "used-car-door-assembly"
   },
   {
      "title": "Door Hinge (Rear)",
      "slug": "used-car-door-assembly"
   },
   {
      "title": "Door Lock Actuator",
      "slug": "used-car-door-assembly"
   },
   {
      "title": "Door Lock Control Module (Computer)",
      "slug": "used-car-door-assembly"
   },
   {
      "title": "Door Lock Striker",
      "slug": "used-car-door-assembly"
   },
   {
      "title": "Door Lock Switch",
      "slug": "used-car-door-assembly"
   },
   {
      "title": "Door Lock Timer (Computer)",
      "slug": "used-car-door-assembly"
   },
   {
      "title": "Door Motor",
      "slug": "used-car-door-assembly"
   },
   {
      "title": "Door Moulding (Front, Outside)",
      "slug": "used-car-door-assembly"
   },
   {
      "title": "Door Moulding (Rear)",
      "slug": "used-car-door-assembly"
   },
   {
      "title": "Door Outer Repair Panel, Back",
      "slug": "used-car-door-assembly"
   },
   {
      "title": "Door Outer Repair Panel, Front",
      "slug": "used-car-door-assembly"
   },
   {
      "title": "Door Outer Repair Panel, Rear",
      "slug": "used-car-door-assembly"
   },
   {
      "title": "Door Panel (Front, Interior)",
      "slug": "used-car-door-assembly"
   },
   {
      "title": "Door Panel (Rear, Interior)",
      "slug": "used-car-door-assembly"
   },
   {
      "title": "Door Rear (side of vehicle)",
      "slug": "used-car-door-assembly"
   },
   {
      "title": "Door Shell, Back",
      "slug": "used-car-door-assembly"
   },
   {
      "title": "Door Shell, Front",
      "slug": "used-car-door-assembly"
   },
   {
      "title": "Door Shell, Rear",
      "slug": "used-car-door-assembly"
   },
   {
      "title": "Door Switch, Misc.",
      "slug": "used-car-door-assembly"
   },
   {
      "title": "Door Vent Glass (Front)",
      "slug": "used-car-door-assembly"
   },
   {
      "title": "Door Vent Glass (Rear)",
      "slug": "used-car-door-assembly"
   },
   {
      "title": "Door Vent Window Regulator (Front)",
      "slug": "used-car-door-assembly"
   },
   {
      "title": "Door Window Crank (Front)",
      "slug": "used-car-door-assembly"
   },
   {
      "title": "Door Window Crank (Rear)",
      "slug": "used-car-door-assembly"
   },
   {
      "title": "Door Window Crank Handle",
      "slug": "used-car-door-assembly"
   },
   {
      "title": "Door Window Motor",
      "slug": "used-car-door-assembly"
   },
   {
      "title": "Door Window Regulator (Front)",
      "slug": "used-car-door-assembly"
   },
   {
      "title": "Door Window Regulator (Rear)",
      "slug": "used-car-door-assembly"
   },
   {
      "title": "Door Window Switch",
      "slug": ""
   },
   {
      "title": "Drag Link",
      "slug": ""
   },
   {
      "title": "Drive Shaft, Front",
      "slug": "used-drive-shafts"
   },
   {
      "title": "Drive Shaft, Rear",
      "slug": "used-drive-shafts"
   },
   {
      "title": "Drive-By-Wire",
      "slug": ""
   },
   {
      "title": "Driveline Support",
      "slug": ""
   },
   {
      "title": "Driveshaft (Front)",
      "slug": "used-drive-shafts"
   },
   {
      "title": "Driveshaft (Rear)",
      "slug": "used-drive-shafts"
   },
   {
      "title": "Driving Light",
      "slug": ""
   },
   {
      "title": "Drum (Brake, Front)",
      "slug": ""
   },
   {
      "title": "Drum (Brake, Rear)",
      "slug": ""
   },
   {
      "title": "ECM (Engine Control Module)",
      "slug": "used-engine-control-module"
   },
   {
      "title": "ECU (Engine Control Unit)",
      "slug": "used-engine-control-module"
   },
   {
      "title": "EGR Valve",
      "slug": ""
   },
   {
      "title": "Electric Door Motor (not Window)",
      "slug": "used-car-door-assembly"
   },
   {
      "title": "Electric Window Motor",
      "slug": "used-car-door-assembly"
   },
   {
      "title": "Electrical Part Misc",
      "slug": ""
   },
   {
      "title": "Electronic Engine Control Module (Computer, ECM)",
      "slug": "used-engine-control-module"
   },
   {
      "title": "Electronic Fuel Control Module (Computer)",
      "slug": ""
   },
   {
      "title": "Electronic Spark Control (Computer)",
      "slug": ""
   },
   {
      "title": "Electronic Transmission Shifter",
      "slug": ""
   },
   {
      "title": "Emblem",
      "slug": ""
   },
   {
      "title": "Emergency Brake",
      "slug": ""
   },
   {
      "title": "Emergency Brake Parts",
      "slug": ""
   },
   {
      "title": "Emission Control Module (Computer)",
      "slug": ""
   },
   {
      "title": "Engine",
      "slug": "used-engine-assembly"
   },
   {
      "title": "Engine  /  Motor (Complete)",
      "slug": "used-engine-assembly"
   },
   {
      "title": "Engine Block",
      "slug": "used-engine-assembly"
   },
   {
      "title": "Engine Block (Block Only)",
      "slug": "used-engine-assembly"
   },
   {
      "title": "Engine Bracket",
      "slug": "used-engine-assembly"
   },
   {
      "title": "Engine Computer",
      "slug": "used-engine-control-module"
   },
   {
      "title": "Engine Control Module (Computer, ECM)",
      "slug": "used-engine-control-module"
   },
   {
      "title": "Engine Control Unit (Computer, ECU)",
      "slug": "used-engine-control-module"
   },
   {
      "title": "Engine Core",
      "slug": "used-engine-assembly"
   },
   {
      "title": "Engine Cover",
      "slug": "used-engine-assembly"
   },
   {
      "title": "Engine Cover(s)",
      "slug": "used-engine-assembly"
   },
   {
      "title": "Engine Cradle",
      "slug": "used-engine-assembly"
   },
   {
      "title": "Engine Crossmember",
      "slug": "used-engine-assembly"
   },
   {
      "title": "Engine Cylinder Head",
      "slug": "used-cylinder-head"
   },
   {
      "title": "Engine Fuse Box",
      "slug": ""
   },
   {
      "title": "Engine Immobilizer Control Module (Computer)",
      "slug": "used-engine-control-module"
   },
   {
      "title": "Engine Lid (Rear Engine)",
      "slug": "used-engine-assembly"
   },
   {
      "title": "Engine Lid Hinge (Rear Engine)",
      "slug": "used-engine-assembly"
   },
   {
      "title": "Engine Lid Molding (Rear Engine)",
      "slug": "used-engine-assembly"
   },
   {
      "title": "Engine Lid Strut (Rear Engine)",
      "slug": "used-engine-assembly"
   },
   {
      "title": "Engine Mounting Bracket",
      "slug": "used-engine-assembly"
   },
   {
      "title": "Engine Mounts",
      "slug": "used-engine-assembly"
   },
   {
      "title": "Engine Oil Cooler",
      "slug": ""
   },
   {
      "title": "Engine Oil Pan",
      "slug": ""
   },
   {
      "title": "Engine Oil Pump",
      "slug": ""
   },
   {
      "title": "Engine Support",
      "slug": ""
   },
   {
      "title": "Engine Water Pump",
      "slug": ""
   },
   {
      "title": "Engine Wiring Harness",
      "slug": "used-engine-assembly"
   },
   {
      "title": "Equalizer (Radio)",
      "slug": ""
   },
   {
      "title": "Equipment Cab (Shell)",
      "slug": ""
   },
   {
      "title": "Equipment Driveshaft",
      "slug": ""
   },
   {
      "title": "Exhaust Assembly",
      "slug": "used-exhaust-manifold"
   },
   {
      "title": "Exhaust Catalytic Converter",
      "slug": "used-exhaust-manifold"
   },
   {
      "title": "Exhaust Cross Pipe",
      "slug": ""
   },
   {
      "title": "Exhaust Fluid Pump",
      "slug": ""
   },
   {
      "title": "Exhaust Fluid Tank",
      "slug": ""
   },
   {
      "title": "Exhaust Heat Exchanger",
      "slug": ""
   },
   {
      "title": "Exhaust Heat Shield",
      "slug": "used-exhaust-manifold"
   },
   {
      "title": "Exhaust Lead Pipe",
      "slug": ""
   },
   {
      "title": "Exhaust Manifold",
      "slug": "used-exhaust-manifold"
   },
   {
      "title": "Exhaust Muffler",
      "slug": ""
   },
   {
      "title": "Exhaust Pipe",
      "slug": ""
   },
   {
      "title": "Exhaust Resonator",
      "slug": ""
   },
   {
      "title": "Exhaust System (Complete)",
      "slug": "used-exhaust-manifold"
   },
   {
      "title": "Exhaust Tail Pipe",
      "slug": ""
   },
   {
      "title": "Exhaust Y-Pipe",
      "slug": ""
   },
   {
      "title": "Exterior Door Handle",
      "slug": "used-car-door-assembly"
   },
   {
      "title": "Fan Blade",
      "slug": ""
   },
   {
      "title": "Fan Clutch",
      "slug": ""
   },
   {
      "title": "Fasteners",
      "slug": ""
   },
   {
      "title": "Fender",
      "slug": ""
   },
   {
      "title": "Fender Extension (Edge of Fender)",
      "slug": ""
   },
   {
      "title": "Fender Extension / Flare",
      "slug": ""
   },
   {
      "title": "Fender Flare",
      "slug": ""
   },
   {
      "title": "Fender Inner Liner",
      "slug": ""
   },
   {
      "title": "Fender Inner Panel",
      "slug": ""
   },
   {
      "title": "Fender Moulding",
      "slug": ""
   },
   {
      "title": "Fender Skirt",
      "slug": ""
   },
   {
      "title": "Fender / Wheelhouse Inner Liner",
      "slug": ""
   },
   {
      "title": "Flex Plate",
      "slug": ""
   },
   {
      "title": "Flexplate",
      "slug": ""
   },
   {
      "title": "Floor Mats",
      "slug": ""
   },
   {
      "title": "Floor Pan",
      "slug": ""
   },
   {
      "title": "Floor Shift Assembly",
      "slug": ""
   },
   {
      "title": "Floor Shifter Assembly",
      "slug": ""
   },
   {
      "title": "Flywheel",
      "slug": ""
   },
   {
      "title": "Fog Lamp",
      "slug": ""
   },
   {
      "title": "Fog Lamp Bracket",
      "slug": ""
   },
   {
      "title": "Fog Lamp Rear",
      "slug": ""
   },
   {
      "title": "Fog Lamp Switch",
      "slug": ""
   },
   {
      "title": "Fog Light",
      "slug": ""
   },
   {
      "title": "Fog Light Control Module (Computer)",
      "slug": ""
   },
   {
      "title": "Fog Light Relay",
      "slug": ""
   },
   {
      "title": "Fog Light Switch (on Column)",
      "slug": ""
   },
   {
      "title": "Fog Light Switch (on Dash)",
      "slug": ""
   },
   {
      "title": "Frame",
      "slug": ""
   },
   {
      "title": "Frame (Full Frame)",
      "slug": ""
   },
   {
      "title": "Frame Front Section Only",
      "slug": ""
   },
   {
      "title": "Frame Horn",
      "slug": ""
   },
   {
      "title": "Frame Rail (Upper and Lower)",
      "slug": ""
   },
   {
      "title": "Frame Upper & Lower Rails",
      "slug": ""
   },
   {
      "title": "Front (Complete Frame)",
      "slug": ""
   },
   {
      "title": "Front Axle Assembly (4WD w Housing)",
      "slug": "used-axle-assembly"
   },
   {
      "title": "Front Axle Beam (2WD, incl I Beam Susp)",
      "slug": "used-axle-assembly"
   },
   {
      "title": "Front Axle Shaft",
      "slug": "used-axle-assembly"
   },
   {
      "title": "Front Bumper Assembly (includes cover)",
      "slug": "used-bumper-assembly"
   },
   {
      "title": "Front Bumper Cover",
      "slug": "used-bumper-assembly"
   },
   {
      "title": "Front Bumper Face Bar",
      "slug": "used-bumper-assembly"
   },
   {
      "title": "Front Bumper Guard",
      "slug": "used-bumper-assembly"
   },
   {
      "title": "Front Bumper Reinforcement",
      "slug": "used-bumper-assembly"
   },
   {
      "title": "Front Clip Assembly (Complete Front)",
      "slug": ""
   },
   {
      "title": "Front Console",
      "slug": ""
   },
   {
      "title": "Front Door",
      "slug": "used-car-door-assembly"
   },
   {
      "title": "Front Door Glass",
      "slug": "used-car-door-assembly"
   },
   {
      "title": "Front Door Handle, Inside",
      "slug": "used-car-door-assembly"
   },
   {
      "title": "Front Door Handle, Outside",
      "slug": "used-car-door-assembly"
   },
   {
      "title": "Front Door Hinge",
      "slug": "used-car-door-assembly"
   },
   {
      "title": "Front Door Mirror",
      "slug": "used-car-door-assembly"
   },
   {
      "title": "Front Door Mirror Glass",
      "slug": "used-car-door-assembly"
   },
   {
      "title": "Front Door Moulding",
      "slug": "used-car-door-assembly"
   },
   {
      "title": "Front Door Regulator",
      "slug": "used-car-door-assembly"
   },
   {
      "title": "Front Door Shell",
      "slug": "used-car-door-assembly"
   },
   {
      "title": "Front Door Switch",
      "slug": "used-car-door-assembly"
   },
   {
      "title": "Front Door Trim Panel",
      "slug": "used-car-door-assembly"
   },
   {
      "title": "Front Door Vent Glass",
      "slug": "used-car-door-assembly"
   },
   {
      "title": "Front Door Vent Glass Regulator",
      "slug": "used-car-door-assembly"
   },
   {
      "title": "Front Door Window Motor",
      "slug": "used-car-door-assembly"
   },
   {
      "title": "Front Drive Shaft",
      "slug": "used-drive-shafts"
   },
   {
      "title": "Front End Assembly",
      "slug": ""
   },
   {
      "title": "Front End Assembly (Nose)",
      "slug": ""
   },
   {
      "title": "Front Lamp",
      "slug": ""
   },
   {
      "title": "Front Seat Belt Assembly",
      "slug": ""
   },
   {
      "title": "Front Valance",
      "slug": ""
   },
   {
      "title": "Front Window Regulator",
      "slug": "used-car-door-assembly"
   },
   {
      "title": "Fuel Cap",
      "slug": ""
   },
   {
      "title": "Fuel Cell",
      "slug": ""
   },
   {
      "title": "Fuel Cooler",
      "slug": ""
   },
   {
      "title": "Fuel Cut-off",
      "slug": ""
   },
   {
      "title": "Fuel Diagnosis Pump",
      "slug": ""
   },
   {
      "title": "Fuel Distributor ",
      "slug": ""
   },
   {
      "title": "Fuel Distributor Assembly",
      "slug": ""
   },
   {
      "title": "Fuel Door",
      "slug": ""
   },
   {
      "title": "Fuel Filler Door",
      "slug": ""
   },
   {
      "title": "Fuel Filler Neck",
      "slug": ""
   },
   {
      "title": "Fuel Gauge",
      "slug": ""
   },
   {
      "title": "Fuel Injection Control Module (Computer)",
      "slug": ""
   },
   {
      "title": "Fuel Injection Controller (Mechanical)",
      "slug": ""
   },
   {
      "title": "Fuel Injection Parts",
      "slug": ""
   },
   {
      "title": "Fuel Injection Pump",
      "slug": ""
   },
   {
      "title": "Fuel Injection Relay",
      "slug": ""
   },
   {
      "title": "Fuel Injector",
      "slug": ""
   },
   {
      "title": "Fuel Injector ",
      "slug": ""
   },
   {
      "title": "Fuel Injector Pump",
      "slug": ""
   },
   {
      "title": "Fuel Line",
      "slug": ""
   },
   {
      "title": "Fuel Lines",
      "slug": ""
   },
   {
      "title": "Fuel Pacer System",
      "slug": ""
   },
   {
      "title": "Fuel Pressure Regulator",
      "slug": ""
   },
   {
      "title": "Fuel Pump",
      "slug": ""
   },
   {
      "title": "Fuel Pump Control Module (Computer)",
      "slug": ""
   },
   {
      "title": "Fuel Pump Relay",
      "slug": ""
   },
   {
      "title": "Fuel Rail",
      "slug": ""
   },
   {
      "title": "Fuel Rail ",
      "slug": ""
   },
   {
      "title": "Fuel Supply Pump",
      "slug": ""
   },
   {
      "title": "Fuel Tank",
      "slug": ""
   },
   {
      "title": "Fuel Tank Sending Unit",
      "slug": ""
   },
   {
      "title": "Fuel Vapor Canister",
      "slug": ""
   },
   {
      "title": "Fuse Box",
      "slug": ""
   },
   {
      "title": "Fuse Box (Cabin)",
      "slug": ""
   },
   {
      "title": "Fuse Box (Engine)",
      "slug": ""
   },
   {
      "title": "Gas Cap",
      "slug": ""
   },
   {
      "title": "Gas Cap Door",
      "slug": ""
   },
   {
      "title": "Gas Gauge",
      "slug": ""
   },
   {
      "title": "Gas Pedal",
      "slug": ""
   },
   {
      "title": "Gas Tank",
      "slug": ""
   },
   {
      "title": "Gas Tank Sending Unit",
      "slug": ""
   },
   {
      "title": "Gate Interior Trim Panel",
      "slug": ""
   },
   {
      "title": "Gate Window Regulator",
      "slug": ""
   },
   {
      "title": "Gate / Lid",
      "slug": ""
   },
   {
      "title": "Gauge (Misc)",
      "slug": ""
   },
   {
      "title": "Generator",
      "slug": ""
   },
   {
      "title": "Generator Bracket",
      "slug": ""
   },
   {
      "title": "Generator Control Mod Cooler Pump",
      "slug": ""
   },
   {
      "title": "Glass, Back",
      "slug": ""
   },
   {
      "title": "Glass, Front Door",
      "slug": "used-car-door-assembly"
   },
   {
      "title": "Glass, Front Vent",
      "slug": "used-car-door-assembly"
   },
   {
      "title": "Glass, Quarter Window",
      "slug": ""
   },
   {
      "title": "Glass, Rear Door",
      "slug": ""
   },
   {
      "title": "Glass, Rear Vent",
      "slug": ""
   },
   {
      "title": "Glass, Special ",
      "slug": ""
   },
   {
      "title": "Glass, Windshield",
      "slug": ""
   },
   {
      "title": "Glove Box",
      "slug": ""
   },
   {
      "title": "Glove Compartment",
      "slug": ""
   },
   {
      "title": "Glow Plug",
      "slug": ""
   },
   {
      "title": "GPS Control Module (Computer)",
      "slug": ""
   },
   {
      "title": "GPS Display Screen",
      "slug": ""
   },
   {
      "title": "GPS Screen ",
      "slug": ""
   },
   {
      "title": "GPS Unit",
      "slug": ""
   },
   {
      "title": "Graphic Equalizer (Radio)",
      "slug": ""
   },
   {
      "title": "Grille",
      "slug": ""
   },
   {
      "title": "Grille Moulding",
      "slug": ""
   },
   {
      "title": "Grille Surround",
      "slug": ""
   },
   {
      "title": "Hard Top",
      "slug": ""
   },
   {
      "title": "Harmonic Balancer",
      "slug": ""
   },
   {
      "title": "Harmonic Balancer (Crank Pulley)",
      "slug": ""
   },
   {
      "title": "Hatch / Trunk Lid",
      "slug": ""
   },
   {
      "title": "Hatchback",
      "slug": ""
   },
   {
      "title": "Hatchback Glass",
      "slug": ""
   },
   {
      "title": "Hatchback Hinge",
      "slug": ""
   },
   {
      "title": "Hatchback Lock Actuator",
      "slug": ""
   },
   {
      "title": "Hatchback Motor",
      "slug": ""
   },
   {
      "title": "Hatchback Moulding",
      "slug": ""
   },
   {
      "title": "Hatchback Pulldown Motor",
      "slug": ""
   },
   {
      "title": "Hatchback Strut",
      "slug": ""
   },
   {
      "title": "Hatchback Window Washer Motor",
      "slug": ""
   },
   {
      "title": "Hazard Warning Button (on Column)",
      "slug": ""
   },
   {
      "title": "Hazard Warning Button (on Dash)",
      "slug": ""
   },
   {
      "title": "Head (Cylinder)",
      "slug": "used-cylinder-head"
   },
   {
      "title": "Header Panel",
      "slug": ""
   },
   {
      "title": "Header Panel (Complete)",
      "slug": ""
   },
   {
      "title": "Headlight Assembly",
      "slug": ""
   },
   {
      "title": "Headlight Ballast",
      "slug": ""
   },
   {
      "title": "Headlight Bezel",
      "slug": ""
   },
   {
      "title": "Headlight Bracket",
      "slug": ""
   },
   {
      "title": "Headlight Bucket",
      "slug": ""
   },
   {
      "title": "Headlight Bulb",
      "slug": ""
   },
   {
      "title": "Headlight Control Module (Computer)",
      "slug": ""
   },
   {
      "title": "Headlight Cover ",
      "slug": ""
   },
   {
      "title": "Headlight Dimmer Switch (on Column)",
      "slug": ""
   },
   {
      "title": "Headlight Door",
      "slug": ""
   },
   {
      "title": "Headlight Igniter",
      "slug": ""
   },
   {
      "title": "Headlight Motor",
      "slug": ""
   },
   {
      "title": "Headlight Relay",
      "slug": ""
   },
   {
      "title": "Headlight Switch ",
      "slug": ""
   },
   {
      "title": "Headlight Switch (Column Mounted)",
      "slug": ""
   },
   {
      "title": "Headlight Switch (Dash Mounted)",
      "slug": ""
   },
   {
      "title": "Headlight Switch (on Column)",
      "slug": ""
   },
   {
      "title": "Headlight Switch (on Dash)",
      "slug": ""
   },
   {
      "title": "Headlight Washer Motor",
      "slug": ""
   },
   {
      "title": "Headlight Washer Motor Only",
      "slug": ""
   },
   {
      "title": "Headlight Washer Switch (on Column)",
      "slug": ""
   },
   {
      "title": "Headlight Washer Switch (on Dash)",
      "slug": ""
   },
   {
      "title": "Headlight Wiper Motor",
      "slug": ""
   },
   {
      "title": "Headlight Wiper Motor Only",
      "slug": ""
   },
   {
      "title": "Headlight Wiper Switch (on Column)",
      "slug": ""
   },
   {
      "title": "Headlight Wiper Switch (on Dash)",
      "slug": ""
   },
   {
      "title": "Headliner",
      "slug": ""
   },
   {
      "title": "Headphone Control",
      "slug": ""
   },
   {
      "title": "Headrest",
      "slug": ""
   },
   {
      "title": "Heads Up Display",
      "slug": ""
   },
   {
      "title": "Heater Assembly",
      "slug": ""
   },
   {
      "title": "Heater Assy",
      "slug": ""
   },
   {
      "title": "Heater Blower Motor",
      "slug": ""
   },
   {
      "title": "Heater Controls",
      "slug": ""
   },
   {
      "title": "Heater Core",
      "slug": ""
   },
   {
      "title": "Heater Housing",
      "slug": ""
   },
   {
      "title": "Heater Motor",
      "slug": ""
   },
   {
      "title": "Heater Relay",
      "slug": ""
   },
   {
      "title": "Heater Water Pump",
      "slug": ""
   },
   {
      "title": "Heater Wiring Harness",
      "slug": ""
   },
   {
      "title": "Heater / AC Control ",
      "slug": ""
   },
   {
      "title": "Height Control Module (Computer)",
      "slug": ""
   },
   {
      "title": "High Mounted Stop Lamp",
      "slug": ""
   },
   {
      "title": "Hitch",
      "slug": ""
   },
   {
      "title": "Hood",
      "slug": ""
   },
   {
      "title": "Hood Hinge",
      "slug": ""
   },
   {
      "title": "Hood Insulation Pad",
      "slug": ""
   },
   {
      "title": "Hood Latch",
      "slug": ""
   },
   {
      "title": "Hood Ornament",
      "slug": ""
   },
   {
      "title": "Hood Prop",
      "slug": ""
   },
   {
      "title": "Hood Scoop",
      "slug": ""
   },
   {
      "title": "Hood Shock",
      "slug": ""
   },
   {
      "title": "Hood Strut",
      "slug": ""
   },
   {
      "title": "Horn",
      "slug": ""
   },
   {
      "title": "Horn Relay",
      "slug": ""
   },
   {
      "title": "Hub",
      "slug": ""
   },
   {
      "title": "Hub Cap",
      "slug": ""
   },
   {
      "title": "Hub Cap / Wheel Cover ",
      "slug": ""
   },
   {
      "title": "Hub Carrier (Rear)",
      "slug": ""
   },
   {
      "title": "Hub Cover",
      "slug": ""
   },
   {
      "title": "Hub, Lockout (4WD)",
      "slug": ""
   },
   {
      "title": "HVAC Blower Motor",
      "slug": ""
   },
   {
      "title": "HVAC Controls",
      "slug": ""
   },
   {
      "title": "Hybrid Battery Cooling Fan",
      "slug": ""
   },
   {
      "title": "Hybrid Converter / Inverter",
      "slug": ""
   },
   {
      "title": "Hybrid Vehicle Control Module (Computer)",
      "slug": ""
   },
   {
      "title": "I-Beam (Front)",
      "slug": ""
   },
   {
      "title": "Idle Control Module (Computer)",
      "slug": ""
   },
   {
      "title": "Idler Arm",
      "slug": ""
   },
   {
      "title": "Idler Pulley",
      "slug": ""
   },
   {
      "title": "Ignition Coil",
      "slug": ""
   },
   {
      "title": "Ignition Control Module (Computer)",
      "slug": ""
   },
   {
      "title": "Ignition Ignitor",
      "slug": ""
   },
   {
      "title": "Ignition Module ",
      "slug": ""
   },
   {
      "title": "Ignition Relay",
      "slug": ""
   },
   {
      "title": "Ignition Switch",
      "slug": ""
   },
   {
      "title": "Ignitor",
      "slug": ""
   },
   {
      "title": "Ignitor / Coil",
      "slug": ""
   },
   {
      "title": "Independent Rear Suspension Assembly",
      "slug": ""
   },
   {
      "title": "Info Screen ",
      "slug": ""
   },
   {
      "title": "Information Center",
      "slug": ""
   },
   {
      "title": "Information Display Module (Computer)",
      "slug": ""
   },
   {
      "title": "Information Display Screen",
      "slug": ""
   },
   {
      "title": "Inside Door Handle",
      "slug": "used-car-door-assembly"
   },
   {
      "title": "Instrument Cluster ",
      "slug": ""
   },
   {
      "title": "Instrument Cluster (Auxiliary)",
      "slug": ""
   },
   {
      "title": "Instrument Cluster (Main)",
      "slug": ""
   },
   {
      "title": "Instrument Cluster Bezel",
      "slug": ""
   },
   {
      "title": "Intake Manifold",
      "slug": ""
   },
   {
      "title": "Intake Manifold Tubes",
      "slug": ""
   },
   {
      "title": "Intake Plenum",
      "slug": ""
   },
   {
      "title": "Intake Runner",
      "slug": ""
   },
   {
      "title": "Intercooler",
      "slug": ""
   },
   {
      "title": "Intercooler Pipe",
      "slug": ""
   },
   {
      "title": "Intercooler Water Pump",
      "slug": ""
   },
   {
      "title": "Interior (Complete)",
      "slug": ""
   },
   {
      "title": "Interior Complete",
      "slug": ""
   },
   {
      "title": "Interior Door Handle",
      "slug": "used-car-door-assembly"
   },
   {
      "title": "Interior Light",
      "slug": ""
   },
   {
      "title": "Interior Light Dimmer",
      "slug": ""
   },
   {
      "title": "Interior Trim Panel (Gate / Lid)",
      "slug": ""
   },
   {
      "title": "Interior Trim Panel (Quarter)",
      "slug": ""
   },
   {
      "title": "Interior Trim Panel, Door (Back)",
      "slug": "used-car-door-assembly"
   },
   {
      "title": "Interior Trim Panel, Door (Front)",
      "slug": "used-car-door-assembly"
   },
   {
      "title": "Interior Trim Panel, Door (Rear)",
      "slug": "used-car-door-assembly"
   },
   {
      "title": "Interlock Control Module (Computer)",
      "slug": ""
   },
   {
      "title": "Inverter Cooler",
      "slug": ""
   },
   {
      "title": "Inverter Water Pump",
      "slug": ""
   },
   {
      "title": "Jack",
      "slug": ""
   },
   {
      "title": "Jack Assembly",
      "slug": ""
   },
   {
      "title": "Jackshaft",
      "slug": ""
   },
   {
      "title": "K-Frame (Front and Rear)",
      "slug": ""
   },
   {
      "title": "Key Remote / Fob",
      "slug": ""
   },
   {
      "title": "Keyless Entry Control Module (Computer)",
      "slug": ""
   },
   {
      "title": "Keyless Entry Pad",
      "slug": ""
   },
   {
      "title": "Keyless Entry Remote",
      "slug": ""
   },
   {
      "title": "Keyless Fob",
      "slug": ""
   },
   {
      "title": "Keys / Latches and Locks",
      "slug": ""
   },
   {
      "title": "Kick Panel",
      "slug": ""
   },
   {
      "title": "Knee (Front)",
      "slug": ""
   },
   {
      "title": "Knee Assembly ",
      "slug": ""
   },
   {
      "title": "Knock Sensor Control Module (Computer)",
      "slug": ""
   },
   {
      "title": "Knuckle (Front)",
      "slug": ""
   },
   {
      "title": "Knuckle (Rear)",
      "slug": ""
   },
   {
      "title": "Knuckle Support",
      "slug": ""
   },
   {
      "title": "Lambda Control Module (Computer)",
      "slug": ""
   },
   {
      "title": "Lambda Sond Probe (02 Sensor)",
      "slug": ""
   },
   {
      "title": "Lamp Control Module (Computer)",
      "slug": ""
   },
   {
      "title": "Lamp Wiring Harness",
      "slug": ""
   },
   {
      "title": "Latch, Back Door",
      "slug": "used-car-door-assembly"
   },
   {
      "title": "Latch, Front Door",
      "slug": "used-car-door-assembly"
   },
   {
      "title": "Latch, Rear Door",
      "slug": "used-car-door-assembly"
   },
   {
      "title": "Latches",
      "slug": ""
   },
   {
      "title": "Latches &amp; Locks",
      "slug": ""
   },
   {
      "title": "Lateral Arm (Front)",
      "slug": ""
   },
   {
      "title": "Lateral Arm (Rear)",
      "slug": ""
   },
   {
      "title": "Lateral Link (Lower, Rear)",
      "slug": ""
   },
   {
      "title": "Lateral Link (Upper, Rear)",
      "slug": ""
   },
   {
      "title": "Lateral Locating Arm (Lower, Rear)",
      "slug": ""
   },
   {
      "title": "Lateral Strut (Rear)",
      "slug": ""
   },
   {
      "title": "Leaf Spring (Auxiliary, Rear)",
      "slug": ""
   },
   {
      "title": "Leaf Spring (Front)",
      "slug": ""
   },
   {
      "title": "Leaf Spring (Rear)",
      "slug": ""
   },
   {
      "title": "Leaf Spring, Front",
      "slug": ""
   },
   {
      "title": "Leaf Spring, Rear",
      "slug": ""
   },
   {
      "title": "License Lamp",
      "slug": ""
   },
   {
      "title": "License Plate Bracket",
      "slug": ""
   },
   {
      "title": "License Plate Light",
      "slug": ""
   },
   {
      "title": "Lid Interior Trim Panel",
      "slug": ""
   },
   {
      "title": "Lid / Gate",
      "slug": ""
   },
   {
      "title": "Liftback",
      "slug": ""
   },
   {
      "title": "Liftback Glass",
      "slug": ""
   },
   {
      "title": "Liftback Hinge",
      "slug": ""
   },
   {
      "title": "Liftback Moulding",
      "slug": ""
   },
   {
      "title": "Liftback Strut",
      "slug": ""
   },
   {
      "title": "Liftback Window Washer Motor",
      "slug": ""
   },
   {
      "title": "Liftgate",
      "slug": ""
   },
   {
      "title": "Liftgate Glass",
      "slug": ""
   },
   {
      "title": "Liftgate Hinge",
      "slug": ""
   },
   {
      "title": "Liftgate Moulding",
      "slug": ""
   },
   {
      "title": "Liftgate Strut",
      "slug": ""
   },
   {
      "title": "Liftgate Window Washer Motor",
      "slug": ""
   },
   {
      "title": "Lighter",
      "slug": ""
   },
   {
      "title": "Lighting Control Module (Computer)",
      "slug": ""
   },
   {
      "title": "Link Arm (Lower, Rear)",
      "slug": ""
   },
   {
      "title": "Loaded Beam Axle (Rear)",
      "slug": ""
   },
   {
      "title": "Locating Arm (Lower, Rear)",
      "slug": ""
   },
   {
      "title": "Locating Arm (Upper, Rear)",
      "slug": ""
   },
   {
      "title": "Locating Frame (Upper, Rear)",
      "slug": ""
   },
   {
      "title": "Lock Actuator",
      "slug": ""
   },
   {
      "title": "Lock Actuator, Misc.",
      "slug": ""
   },
   {
      "title": "Lock Switch",
      "slug": ""
   },
   {
      "title": "Lockout Hub, 4X4",
      "slug": ""
   },
   {
      "title": "Locks",
      "slug": ""
   },
   {
      "title": "Logic Module (Computer)",
      "slug": ""
   },
   {
      "title": "Lower Control Arm (Front)",
      "slug": ""
   },
   {
      "title": "Lower Control Arm (Rear)",
      "slug": ""
   },
   {
      "title": "Lug Wrench",
      "slug": ""
   },
   {
      "title": "Luggage Rack",
      "slug": ""
   },
   {
      "title": "Manual Transmission Assembly",
      "slug": ""
   },
   {
      "title": "Marker / Fog Light, Front",
      "slug": ""
   },
   {
      "title": "Marker / Side Light, Rear",
      "slug": ""
   },
   {
      "title": "Mass Air Flow Sensor",
      "slug": ""
   },
   {
      "title": "Master Cylinder",
      "slug": ""
   },
   {
      "title": "Master Cylinder (Brake)",
      "slug": ""
   },
   {
      "title": "Master Cylinder (Clutch)",
      "slug": ""
   },
   {
      "title": "Memory Control Module (Computer)",
      "slug": ""
   },
   {
      "title": "Message Center",
      "slug": ""
   },
   {
      "title": "Microprocessor Control Unit (Computer, MCU)",
      "slug": ""
   },
   {
      "title": "Mini Disc Player",
      "slug": ""
   },
   {
      "title": "Mirror (Rear View, Inside)",
      "slug": ""
   },
   {
      "title": "Mirror (Side View, Outside)",
      "slug": ""
   },
   {
      "title": "Mirror Switch (on Dash / Console)",
      "slug": ""
   },
   {
      "title": "Mirror Switch (on Door)",
      "slug": "used-car-door-assembly"
   },
   {
      "title": "Mirror, Door",
      "slug": "used-car-door-assembly"
   },
   {
      "title": "Mirror, Rear View",
      "slug": ""
   },
   {
      "title": "Misc. Electrical",
      "slug": ""
   },
   {
      "title": "Moulding (Back Door)",
      "slug": ""
   },
   {
      "title": "Moulding (Fender)",
      "slug": ""
   },
   {
      "title": "Moulding (Front Door)",
      "slug": ""
   },
   {
      "title": "Moulding (Lid / Hatch / Gate)",
      "slug": ""
   },
   {
      "title": "Moulding (Quarter Panel / Bed Side)",
      "slug": ""
   },
   {
      "title": "Moulding (Rear Door)",
      "slug": ""
   },
   {
      "title": "Moulding (Rocker)",
      "slug": ""
   },
   {
      "title": "Moulding (Windshield)",
      "slug": ""
   },
   {
      "title": "Mouldings (Misc)",
      "slug": ""
   },
   {
      "title": "Mud Flap",
      "slug": ""
   },
   {
      "title": "Muffler",
      "slug": ""
   },
   {
      "title": "Multifunction Control Module (Computer)",
      "slug": ""
   },
   {
      "title": "Multifunction Switch (on Column)",
      "slug": ""
   },
   {
      "title": "Multiplex Network Control Module (Computer)",
      "slug": ""
   },
   {
      "title": "Navigation Control Module (Computer)",
      "slug": ""
   },
   {
      "title": "Navigation Unit",
      "slug": ""
   },
   {
      "title": "Network Gateway Module (Computer)",
      "slug": ""
   },
   {
      "title": "Neutral Safety Switch",
      "slug": ""
   },
   {
      "title": "Night Vision Camera",
      "slug": ""
   },
   {
      "title": "Nose (Front End Assembly)",
      "slug": ""
   },
   {
      "title": "Oil Cooler",
      "slug": ""
   },
   {
      "title": "Oil Cooler (Engine)",
      "slug": ""
   },
   {
      "title": "Oil Filter Adapter",
      "slug": ""
   },
   {
      "title": "Oil Pan (Engine)",
      "slug": ""
   },
   {
      "title": "Oil Pan, Engine",
      "slug": ""
   },
   {
      "title": "Oil Pan, Transmission",
      "slug": "used-transmission-assembly"
   },
   {
      "title": "Oil Pump (Engine)",
      "slug": ""
   },
   {
      "title": "Oil Pump, Engine",
      "slug": ""
   },
   {
      "title": "OnStar Control Module (Computer)",
      "slug": ""
   },
   {
      "title": "Other Part (Not Listed)",
      "slug": ""
   },
   {
      "title": "Outside Door Handle",
      "slug": "used-car-door-assembly"
   },
   {
      "title": "Overdrive Button (on Column)",
      "slug": ""
   },
   {
      "title": "Overdrive Button (on Dash)",
      "slug": ""
   },
   {
      "title": "Overdrive Button (on Floor Shifter)",
      "slug": ""
   },
   {
      "title": "Overdrive Unit ",
      "slug": ""
   },
   {
      "title": "Overdrive Unit (Separate from Trans)",
      "slug": ""
   },
   {
      "title": "Overhead Console",
      "slug": ""
   },
   {
      "title": "Owners Manual",
      "slug": ""
   },
   {
      "title": "Oxygen Sensor",
      "slug": ""
   },
   {
      "title": "Paddle Shifter",
      "slug": ""
   },
   {
      "title": "Panhard Rod (Front)",
      "slug": ""
   },
   {
      "title": "Panhard Rod (Rear)",
      "slug": ""
   },
   {
      "title": "Parcel Shelf",
      "slug": ""
   },
   {
      "title": "Park Aid Control Module (Computer)",
      "slug": ""
   },
   {
      "title": "Park Assist Control Module (Computer)",
      "slug": ""
   },
   {
      "title": "Park Lamp Rear (Side)",
      "slug": ""
   },
   {
      "title": "Park Light (Front)",
      "slug": ""
   },
   {
      "title": "Park / Fog Lamp Front",
      "slug": ""
   },
   {
      "title": "Parking Assist Camera",
      "slug": ""
   },
   {
      "title": "Partition Glass",
      "slug": ""
   },
   {
      "title": "Parts Vehicle",
      "slug": ""
   },
   {
      "title": "Performance Control Unit (Computer, EML)",
      "slug": ""
   },
   {
      "title": "Phat Box",
      "slug": ""
   },
   {
      "title": "Pickup Bed",
      "slug": ""
   },
   {
      "title": "Pickup Bed Cap",
      "slug": ""
   },
   {
      "title": "Pickup Bed Floor",
      "slug": ""
   },
   {
      "title": "Pickup Bed Floor Pan",
      "slug": ""
   },
   {
      "title": "Pickup Bed Front Panel",
      "slug": ""
   },
   {
      "title": "Pickup Bed Liner",
      "slug": ""
   },
   {
      "title": "Pickup Bed Moulding",
      "slug": ""
   },
   {
      "title": "Pickup Bed Rail",
      "slug": ""
   },
   {
      "title": "Pickup Bed Side",
      "slug": ""
   },
   {
      "title": "Pickup Bed Side Panel",
      "slug": ""
   },
   {
      "title": "Pickup Bed Tonneau Cover",
      "slug": ""
   },
   {
      "title": "Pickup Bed Topper",
      "slug": ""
   },
   {
      "title": "Pickup Box",
      "slug": ""
   },
   {
      "title": "Pickup Box Cap",
      "slug": ""
   },
   {
      "title": "Pickup Box Floor Pan",
      "slug": ""
   },
   {
      "title": "Pickup Box Front Panel",
      "slug": ""
   },
   {
      "title": "Pickup Box Liner",
      "slug": ""
   },
   {
      "title": "Pickup Box Moulding",
      "slug": ""
   },
   {
      "title": "Pickup Box Rail",
      "slug": ""
   },
   {
      "title": "Pickup Box Side Panel",
      "slug": ""
   },
   {
      "title": "Pickup Box Tonneau Cover",
      "slug": ""
   },
   {
      "title": "Pickup Box Topper",
      "slug": ""
   },
   {
      "title": "Pickup Cab (Shell)",
      "slug": ""
   },
   {
      "title": "Pickup Cap / Camper Shell",
      "slug": ""
   },
   {
      "title": "Piston",
      "slug": ""
   },
   {
      "title": "Pitman Arm",
      "slug": ""
   },
   {
      "title": "Plow / Frame",
      "slug": ""
   },
   {
      "title": "Power Brake Booster",
      "slug": ""
   },
   {
      "title": "Power Control Module (Computer, PCM)",
      "slug": ""
   },
   {
      "title": "Power Distribution Control Module (Computer)",
      "slug": ""
   },
   {
      "title": "Power Inverter (Hybrid)",
      "slug": ""
   },
   {
      "title": "Power Steering Assy",
      "slug": "used-power-steering-pump"
   },
   {
      "title": "Power Steering Control Valve",
      "slug": "used-power-steering-pump"
   },
   {
      "title": "Power Steering Cooler",
      "slug": "used-power-steering-pump"
   },
   {
      "title": "Power Steering Motor",
      "slug": "used-power-steering-pump"
   },
   {
      "title": "Power Steering Pressure Cyl",
      "slug": "used-power-steering-pump"
   },
   {
      "title": "Power Steering Pressure Cylinder",
      "slug": "used-power-steering-pump"
   },
   {
      "title": "Power Steering Pressure Hose",
      "slug": "used-power-steering-pump"
   },
   {
      "title": "Power Steering Pump",
      "slug": "used-power-steering-pump"
   },
   {
      "title": "Power Steering Pump Bracket",
      "slug": "used-power-steering-pump"
   },
   {
      "title": "Power Steering Rack",
      "slug": "used-rack-and-pinion"
   },
   {
      "title": "Power Steering Reservoir",
      "slug": "used-power-steering-pump"
   },
   {
      "title": "Power Steering Reservoir (Remote)",
      "slug": "used-power-steering-pump"
   },
   {
      "title": "Power Steering System (Complete)",
      "slug": "used-power-steering-pump"
   },
   {
      "title": "Power Supply Module (Computer)",
      "slug": ""
   },
   {
      "title": "Power Window Control Module (Computer)",
      "slug": ""
   },
   {
      "title": "Power Window Motor",
      "slug": ""
   },
   {
      "title": "Power Window Switch",
      "slug": ""
   },
   {
      "title": "Pressure Plate",
      "slug": ""
   },
   {
      "title": "Pressure Tank",
      "slug": ""
   },
   {
      "title": "Projector",
      "slug": ""
   },
   {
      "title": "Push Rod (Engine)",
      "slug": ""
   },
   {
      "title": "Quarter Glass",
      "slug": ""
   },
   {
      "title": "Quarter Interior Trim Panel",
      "slug": ""
   },
   {
      "title": "Quarter Moulding",
      "slug": ""
   },
   {
      "title": "Quarter Panel",
      "slug": ""
   },
   {
      "title": "Quarter Panel Assembly",
      "slug": ""
   },
   {
      "title": "Quarter Panel Extension",
      "slug": ""
   },
   {
      "title": "Quarter Panel Moulding",
      "slug": ""
   },
   {
      "title": "Quarter Panel Skirt",
      "slug": ""
   },
   {
      "title": "Quarter Repair Panel",
      "slug": ""
   },
   {
      "title": "Quarter Window",
      "slug": ""
   },
   {
      "title": "Quarter Window Crank",
      "slug": ""
   },
   {
      "title": "Quarter Window Motor",
      "slug": ""
   },
   {
      "title": "Quarter Window Regulator",
      "slug": ""
   },
   {
      "title": "Rack & Pinion (Steering)",
      "slug": "used-rack-and-pinion"
   },
   {
      "title": "Radiator",
      "slug": "used-radiator"
   },
   {
      "title": "Radiator Air Shutter",
      "slug": "used-radiator"
   },
   {
      "title": "Radiator Core Support",
      "slug": "used-radiator"
   },
   {
      "title": "Radiator Cover Baffle",
      "slug": "used-radiator"
   },
   {
      "title": "Radiator Fan (Electric)",
      "slug": "used-radiator"
   },
   {
      "title": "Radiator Fan Blade",
      "slug": "used-radiator"
   },
   {
      "title": "Radiator Fan Clutch",
      "slug": "used-radiator"
   },
   {
      "title": "Radiator Fan Motor",
      "slug": "used-radiator"
   },
   {
      "title": "Radiator Fan Shroud",
      "slug": "used-radiator"
   },
   {
      "title": "Radiator Overflow Bottle",
      "slug": "used-radiator"
   },
   {
      "title": "Radiator Shroud",
      "slug": "used-radiator"
   },
   {
      "title": "Radiator Support",
      "slug": "used-radiator"
   },
   {
      "title": "Radiator / Condenser mtd. Cooling Fan",
      "slug": "used-radiator"
   },
   {
      "title": "Radio",
      "slug": ""
   },
   {
      "title": "Radio Bezel Trim",
      "slug": ""
   },
   {
      "title": "Radio Controls (Console)",
      "slug": ""
   },
   {
      "title": "Radio Controls (on Column)",
      "slug": ""
   },
   {
      "title": "Radio Controls (Overhead)",
      "slug": ""
   },
   {
      "title": "Radio Controls (Rear)",
      "slug": ""
   },
   {
      "title": "Radio Face Plate",
      "slug": ""
   },
   {
      "title": "Radio / CD ",
      "slug": ""
   },
   {
      "title": "Radius Arm (Front)",
      "slug": ""
   },
   {
      "title": "Radius Arm (Rear)",
      "slug": ""
   },
   {
      "title": "Radius Arm, Front",
      "slug": ""
   },
   {
      "title": "Rag Joint",
      "slug": ""
   },
   {
      "title": "Rear Audio Controls",
      "slug": ""
   },
   {
      "title": "Rear Axle Assy (RWD)",
      "slug": "used-axle-assembly"
   },
   {
      "title": "Rear Axle Beam (FWD)",
      "slug": ""
   },
   {
      "title": "Rear Body Panel",
      "slug": ""
   },
   {
      "title": "Rear Bumper Assembly",
      "slug": "used-bumper-assembly"
   },
   {
      "title": "Rear Bumper Cover",
      "slug": "used-bumper-assembly"
   },
   {
      "title": "Rear Bumper Face Bar",
      "slug": "used-bumper-assembly"
   },
   {
      "title": "Rear Bumper Guard",
      "slug": "used-bumper-assembly"
   },
   {
      "title": "Rear Bumper Reinforcement / Misc",
      "slug": "used-bumper-assembly"
   },
   {
      "title": "Rear Clip",
      "slug": ""
   },
   {
      "title": "Rear Clip Assembly",
      "slug": ""
   },
   {
      "title": "Rear Console",
      "slug": ""
   },
   {
      "title": "Rear Crossmember",
      "slug": ""
   },
   {
      "title": "Rear Defogger / Defroster Switch",
      "slug": ""
   },
   {
      "title": "Rear Door (side of vehicle)",
      "slug": "used-car-door-assembly"
   },
   {
      "title": "Rear Door Handle, Inside",
      "slug": "used-car-door-assembly"
   },
   {
      "title": "Rear Door Handle, Outside",
      "slug": "used-car-door-assembly"
   },
   {
      "title": "Rear Door Hinge",
      "slug": "used-car-door-assembly"
   },
   {
      "title": "Rear Door Moulding",
      "slug": "used-car-door-assembly"
   },
   {
      "title": "Rear Door Regulator",
      "slug": "used-car-door-assembly"
   },
   {
      "title": "Rear Door Shell",
      "slug": "used-car-door-assembly"
   },
   {
      "title": "Rear Door Switch",
      "slug": "used-car-door-assembly"
   },
   {
      "title": "Rear Door Trim Panel",
      "slug": "used-car-door-assembly"
   },
   {
      "title": "Rear Door Vent Glass",
      "slug": "used-car-door-assembly"
   },
   {
      "title": "Rear Door Vent Glass regulator",
      "slug": "used-car-door-assembly"
   },
   {
      "title": "Rear Door Window",
      "slug": "used-car-door-assembly"
   },
   {
      "title": "Rear Door Window Motor",
      "slug": "used-car-door-assembly"
   },
   {
      "title": "Rear Door Window Regulator",
      "slug": "used-car-door-assembly"
   },
   {
      "title": "Rear Drive Shaft",
      "slug": "used-drive-shafts"
   },
   {
      "title": "Rear Finish Panel",
      "slug": ""
   },
   {
      "title": "Rear Gate Window Motor",
      "slug": ""
   },
   {
      "title": "Rear Gate / Lid",
      "slug": ""
   },
   {
      "title": "Rear Knuckle / Stub Axle",
      "slug": ""
   },
   {
      "title": "Rear Lower Valance",
      "slug": ""
   },
   {
      "title": "Rear Seat Belt Assembly",
      "slug": ""
   },
   {
      "title": "Rear Shelf",
      "slug": ""
   },
   {
      "title": "Rear Suspension ",
      "slug": ""
   },
   {
      "title": "Rear Suspension Locating Arm",
      "slug": ""
   },
   {
      "title": "Rear Suspension Trailing Arm",
      "slug": ""
   },
   {
      "title": "Rear View Mirror (Inside)",
      "slug": ""
   },
   {
      "title": "Rear Window Defogger",
      "slug": ""
   },
   {
      "title": "Rear Window Switch / Button",
      "slug": ""
   },
   {
      "title": "Rear Window Washer Motor",
      "slug": ""
   },
   {
      "title": "Rebuildable Vehicle",
      "slug": ""
   },
   {
      "title": "Receiver (Radio)",
      "slug": ""
   },
   {
      "title": "Receiver Dryer",
      "slug": ""
   },
   {
      "title": "Relay ",
      "slug": ""
   },
   {
      "title": "Relay, Misc.",
      "slug": ""
   },
   {
      "title": "Repairable Vehicle",
      "slug": ""
   },
   {
      "title": "Reverse Light",
      "slug": ""
   },
   {
      "title": "Rim",
      "slug": ""
   },
   {
      "title": "Rim Trim Ring",
      "slug": ""
   },
   {
      "title": "Ring and Pinion Only",
      "slug": ""
   },
   {
      "title": "Ring Gear and Pinion",
      "slug": ""
   },
   {
      "title": "Roadster Windscreen Glass",
      "slug": ""
   },
   {
      "title": "Rocker Arm",
      "slug": ""
   },
   {
      "title": "Rocker Moulding",
      "slug": ""
   },
   {
      "title": "Rocker Panel",
      "slug": ""
   },
   {
      "title": "Rocker Panel ",
      "slug": ""
   },
   {
      "title": "Rocker Panel Molding",
      "slug": ""
   },
   {
      "title": "Roll Bar",
      "slug": ""
   },
   {
      "title": "Roll Bar Padding",
      "slug": ""
   },
   {
      "title": "Roof",
      "slug": ""
   },
   {
      "title": "Roof Assembly",
      "slug": ""
   },
   {
      "title": "Roof Control Module (Computer)",
      "slug": ""
   },
   {
      "title": "Roof Glass",
      "slug": ""
   },
   {
      "title": "Roof Panel ",
      "slug": ""
   },
   {
      "title": "Roof Rack",
      "slug": ""
   },
   {
      "title": "Rotor (Brake, Front)",
      "slug": ""
   },
   {
      "title": "Rotor (Brake, Rear)",
      "slug": ""
   },
   {
      "title": "Running Board",
      "slug": ""
   },
   {
      "title": "Running Board Motor",
      "slug": ""
   },
   {
      "title": "Running Boards",
      "slug": ""
   },
   {
      "title": "Satellite Tuner",
      "slug": ""
   },
   {
      "title": "Scissor Jack",
      "slug": ""
   },
   {
      "title": "Seat (Bed, Van)",
      "slug": ""
   },
   {
      "title": "Seat (Front)",
      "slug": ""
   },
   {
      "title": "Seat (Rear)",
      "slug": ""
   },
   {
      "title": "Seat (Second Row, SUV / Van / Wagon)",
      "slug": ""
   },
   {
      "title": "Seat (Third Row, SUV / Van / Wagon)",
      "slug": ""
   },
   {
      "title": "Seat Belt Assembly (Electronic)",
      "slug": ""
   },
   {
      "title": "Seat Belt Assembly (Front, Manual)",
      "slug": ""
   },
   {
      "title": "Seat Belt Assembly (Rear)",
      "slug": ""
   },
   {
      "title": "Seat Belt Control Module (Computer)",
      "slug": ""
   },
   {
      "title": "Seat Belt Motor",
      "slug": ""
   },
   {
      "title": "Seat Belt Pretensioner",
      "slug": ""
   },
   {
      "title": "Seat Belt Timer (Computer)",
      "slug": ""
   },
   {
      "title": "Seat Belt Track (Electric)",
      "slug": ""
   },
   {
      "title": "Seat Belt, Front",
      "slug": ""
   },
   {
      "title": "Seat Belt, Rear",
      "slug": ""
   },
   {
      "title": "Seat Control Module (Computer)",
      "slug": ""
   },
   {
      "title": "Seat Heater Control Module (Computer)",
      "slug": ""
   },
   {
      "title": "Seat Heater Relay",
      "slug": ""
   },
   {
      "title": "Seat Memory Control Module (Computer)",
      "slug": ""
   },
   {
      "title": "Seat Motor",
      "slug": ""
   },
   {
      "title": "Seat Relay",
      "slug": ""
   },
   {
      "title": "Seat Switch",
      "slug": ""
   },
   {
      "title": "Seat Track (Front, Electric)",
      "slug": ""
   },
   {
      "title": "Seat Track (Front, Manual)",
      "slug": ""
   },
   {
      "title": "Seat Track, Front Only",
      "slug": ""
   },
   {
      "title": "Seat, Back (3rd Row)",
      "slug": ""
   },
   {
      "title": "Seat, Back (4th Row)",
      "slug": ""
   },
   {
      "title": "Seat, Back (5th Row)",
      "slug": ""
   },
   {
      "title": "Seat, Front",
      "slug": ""
   },
   {
      "title": "Seat, Rear (2nd Row)",
      "slug": ""
   },
   {
      "title": "Security Control Module (Computer)",
      "slug": ""
   },
   {
      "title": "Sensor (Body, Misc)",
      "slug": ""
   },
   {
      "title": "Sensor (Chassis, Misc)",
      "slug": ""
   },
   {
      "title": "Sensor (Drivetrain, Misc)",
      "slug": ""
   },
   {
      "title": "Shift Lever Linkage",
      "slug": ""
   },
   {
      "title": "Shift Linkage",
      "slug": ""
   },
   {
      "title": "Shifter Assembly (Floor)",
      "slug": ""
   },
   {
      "title": "Shifter Linkage",
      "slug": ""
   },
   {
      "title": "Shock Absorber",
      "slug": "used-strut-assembly"
   },
   {
      "title": "Shock Mount",
      "slug": "used-strut-assembly"
   },
   {
      "title": "Short Block (Engine)",
      "slug": ""
   },
   {
      "title": "Side Marker Light (Front)",
      "slug": ""
   },
   {
      "title": "Side Marker Light (Rear)",
      "slug": ""
   },
   {
      "title": "Side View Mirror (Outside)",
      "slug": ""
   },
   {
      "title": "Signal Light (Front)",
      "slug": ""
   },
   {
      "title": "Signal Processor (Radio)",
      "slug": ""
   },
   {
      "title": "Sill Plate",
      "slug": ""
   },
   {
      "title": "Single Module Engine Controller (Computer, SMEC)",
      "slug": "used-engine-control-module"
   },
   {
      "title": "Sirius Tuner",
      "slug": ""
   },
   {
      "title": "Skid Plate",
      "slug": ""
   },
   {
      "title": "Slave Cylinder",
      "slug": ""
   },
   {
      "title": "Slave Cylinder (Clutch)",
      "slug": ""
   },
   {
      "title": "Slider Door Control Module (Computer)",
      "slug": ""
   },
   {
      "title": "Slider Door Lock Actuator",
      "slug": ""
   },
   {
      "title": "Slider Door Motor",
      "slug": ""
   },
   {
      "title": "Smog Pump",
      "slug": ""
   },
   {
      "title": "Soft Top",
      "slug": ""
   },
   {
      "title": "Soot Trap",
      "slug": ""
   },
   {
      "title": "Space Saver Spare",
      "slug": ""
   },
   {
      "title": "Spare Tire",
      "slug": ""
   },
   {
      "title": "Spare Tire Carrier",
      "slug": ""
   },
   {
      "title": "Spare Tire Cover",
      "slug": ""
   },
   {
      "title": "Spare Tire Hoist",
      "slug": ""
   },
   {
      "title": "Spark Control Module (Computer)",
      "slug": ""
   },
   {
      "title": "Spark Plug(s)",
      "slug": ""
   },
   {
      "title": "Speaker",
      "slug": ""
   },
   {
      "title": "Special Glass",
      "slug": ""
   },
   {
      "title": "Speedometer ",
      "slug": ""
   },
   {
      "title": "Speedometer Cable",
      "slug": ""
   },
   {
      "title": "Speedometer Cluster",
      "slug": ""
   },
   {
      "title": "Speedometer Cluster Bezel",
      "slug": ""
   },
   {
      "title": "Spindle",
      "slug": ""
   },
   {
      "title": "Spindle (Front)",
      "slug": ""
   },
   {
      "title": "Spindle (Rear)",
      "slug": ""
   },
   {
      "title": "Spoiler (Front)",
      "slug": ""
   },
   {
      "title": "Spoiler (Rear)",
      "slug": ""
   },
   {
      "title": "Spoiler, Front",
      "slug": ""
   },
   {
      "title": "Spoiler, Rear",
      "slug": ""
   },
   {
      "title": "Spring Control Arm (Front)",
      "slug": ""
   },
   {
      "title": "Spring Hanger",
      "slug": ""
   },
   {
      "title": "Spring Perch (Rear)",
      "slug": ""
   },
   {
      "title": "Spring Support (Rear)",
      "slug": ""
   },
   {
      "title": "Stability Control Module (Computer)",
      "slug": ""
   },
   {
      "title": "Stabilizer Bar",
      "slug": ""
   },
   {
      "title": "Stabilizer Bar Only",
      "slug": ""
   },
   {
      "title": "Standard Floor Shifter",
      "slug": ""
   },
   {
      "title": "Starter",
      "slug": ""
   },
   {
      "title": "Starter Motor",
      "slug": ""
   },
   {
      "title": "Starter Relay",
      "slug": ""
   },
   {
      "title": "Starter Solenoid",
      "slug": ""
   },
   {
      "title": "Steering Box",
      "slug": ""
   },
   {
      "title": "Steering Column",
      "slug": "used-steering-columns"
   },
   {
      "title": "Steering Column Shaft",
      "slug": "used-steering-columns"
   },
   {
      "title": "Steering Control Module (Computer)",
      "slug": ""
   },
   {
      "title": "Steering Coupler",
      "slug": ""
   },
   {
      "title": "Steering Gear",
      "slug": "used-rack-and-pinion"
   },
   {
      "title": "Steering Knuckle ",
      "slug": "used-steering-knuckle"
   },
   {
      "title": "Steering Knuckle (Front)",
      "slug": "used-steering-knuckle"
   },
   {
      "title": "Steering Pump",
      "slug": ""
   },
   {
      "title": "Steering Rack",
      "slug": "used-rack-and-pinion"
   },
   {
      "title": "Steering Rack / Box / Gear",
      "slug": "used-rack-and-pinion"
   },
   {
      "title": "Steering Shaft",
      "slug": ""
   },
   {
      "title": "Steering Wheel",
      "slug": ""
   },
   {
      "title": "Step Bumper Assembly (Rear)",
      "slug": "used-bumper-assembly"
   },
   {
      "title": "Stereo",
      "slug": ""
   },
   {
      "title": "Strut ",
      "slug": "used-strut-assembly"
   },
   {
      "title": "Strut Arm (Front)",
      "slug": "used-strut-assembly"
   },
   {
      "title": "Strut Control Arm (Rear)",
      "slug": "used-strut-assembly"
   },
   {
      "title": "Strut Control Module (Computer)",
      "slug": "used-strut-assembly"
   },
   {
      "title": "Strut Tower Brace",
      "slug": "used-strut-assembly"
   },
   {
      "title": "Stub Axle (Rear)",
      "slug": ""
   },
   {
      "title": "Subwoofer Box",
      "slug": ""
   },
   {
      "title": "Sun Roof  /  T-Top",
      "slug": ""
   },
   {
      "title": "Sun Roof Motor",
      "slug": ""
   },
   {
      "title": "Sun Shade (Interior)",
      "slug": ""
   },
   {
      "title": "Sun Visor (Interior)",
      "slug": ""
   },
   {
      "title": "Sunroof",
      "slug": ""
   },
   {
      "title": "Sunroof Control Module (Computer)",
      "slug": ""
   },
   {
      "title": "Sunroof Motor",
      "slug": ""
   },
   {
      "title": "Sunroof Panel",
      "slug": ""
   },
   {
      "title": "Sunroof Relay",
      "slug": ""
   },
   {
      "title": "Sunroof Switch",
      "slug": ""
   },
   {
      "title": "Sunvisor",
      "slug": ""
   },
   {
      "title": "Supercharger",
      "slug": ""
   },
   {
      "title": "Supercharger / Turbocharger",
      "slug": ""
   },
   {
      "title": "Suspension Compressor",
      "slug": ""
   },
   {
      "title": "Suspension Control Module (Computer)",
      "slug": ""
   },
   {
      "title": "Suspension Crossmember",
      "slug": ""
   },
   {
      "title": "Suspension Pump",
      "slug": ""
   },
   {
      "title": "Suspension Support",
      "slug": ""
   },
   {
      "title": "Sway Bar",
      "slug": ""
   },
   {
      "title": "T-Top",
      "slug": ""
   },
   {
      "title": "Tachometer",
      "slug": ""
   },
   {
      "title": "Tail Finish Panel",
      "slug": ""
   },
   {
      "title": "Tail Light",
      "slug": "used-tail-light-assembly"
   },
   {
      "title": "Tail Light Circuit Board",
      "slug": "used-tail-light-assembly"
   },
   {
      "title": "Tail Light Lens",
      "slug": "used-tail-light-assembly"
   },
   {
      "title": "Tail Panel",
      "slug": ""
   },
   {
      "title": "Tail Pipe",
      "slug": ""
   },
   {
      "title": "Tailgate",
      "slug": ""
   },
   {
      "title": "Tailgate Cable",
      "slug": ""
   },
   {
      "title": "Tailgate Glass",
      "slug": ""
   },
   {
      "title": "Tailgate Hinge",
      "slug": ""
   },
   {
      "title": "Tailgate Lift Motor",
      "slug": ""
   },
   {
      "title": "Tailgate Lock Actuator",
      "slug": ""
   },
   {
      "title": "Tailgate Motor",
      "slug": ""
   },
   {
      "title": "Tailgate Moulding",
      "slug": ""
   },
   {
      "title": "Tailgate Strut",
      "slug": ""
   },
   {
      "title": "Tailgate Window Motor",
      "slug": ""
   },
   {
      "title": "Tailgate Window Regulator",
      "slug": ""
   },
   {
      "title": "Tailgate Window Washer Motor",
      "slug": ""
   },
   {
      "title": "Tailgate / Trunk Lid",
      "slug": ""
   },
   {
      "title": "Taillight Assembly (Complete)",
      "slug": ""
   },
   {
      "title": "Tape Deck",
      "slug": ""
   },
   {
      "title": "Tape Player",
      "slug": ""
   },
   {
      "title": "Temperature Control Module (Computer)",
      "slug": ""
   },
   {
      "title": "Temperature Controls",
      "slug": ""
   },
   {
      "title": "Tension Link (Rear)",
      "slug": ""
   },
   {
      "title": "Tension Rod Guide (Rear)",
      "slug": ""
   },
   {
      "title": "Theft Control Module (Computer)",
      "slug": ""
   },
   {
      "title": "Theft Deterrent Control Module (Computer)",
      "slug": ""
   },
   {
      "title": "Thermostat Housing",
      "slug": ""
   },
   {
      "title": "Third Brake Light",
      "slug": ""
   },
   {
      "title": "Throttle Actuator",
      "slug": ""
   },
   {
      "title": "Throttle Body Assembly",
      "slug": "used-throttle-body"
   },
   {
      "title": "Throttle Body Injector",
      "slug": "used-throttle-body"
   },
   {
      "title": "Throttle Body / Throttle Valve Housing",
      "slug": "used-throttle-body"
   },
   {
      "title": "Throttle Chamber Assembly",
      "slug": "used-throttle-body"
   },
   {
      "title": "Throttle Control Module (Computer)",
      "slug": "used-throttle-body"
   },
   {
      "title": "Throttle Position Sensor",
      "slug": "used-throttle-body"
   },
   {
      "title": "Throttle Valve Assembly",
      "slug": "used-throttle-body"
   },
   {
      "title": "Throwout Bearing",
      "slug": ""
   },
   {
      "title": "Thrust Arm (Front)",
      "slug": ""
   },
   {
      "title": "Thrust Arm (Rear)",
      "slug": ""
   },
   {
      "title": "Tie Rod",
      "slug": ""
   },
   {
      "title": "Timing Belt",
      "slug": ""
   },
   {
      "title": "Timing Belt / Chain",
      "slug": ""
   },
   {
      "title": "Timing Chain",
      "slug": ""
   },
   {
      "title": "Timing Cover",
      "slug": ""
   },
   {
      "title": "Timing Gears",
      "slug": ""
   },
   {
      "title": "Tire",
      "slug": ""
   },
   {
      "title": "Tire Carrier",
      "slug": ""
   },
   {
      "title": "Tire Pressure Control Module (Computer)",
      "slug": ""
   },
   {
      "title": "Tire(s)",
      "slug": ""
   },
   {
      "title": "Toe Control Link (Rear)",
      "slug": ""
   },
   {
      "title": "Tonneau Cover",
      "slug": ""
   },
   {
      "title": "Tool Kit",
      "slug": ""
   },
   {
      "title": "Torque Arm (Lower, Rear)",
      "slug": ""
   },
   {
      "title": "Torque Control Arm (Upper, Rear)",
      "slug": ""
   },
   {
      "title": "Torque Converter",
      "slug": ""
   },
   {
      "title": "Torque Convertor",
      "slug": ""
   },
   {
      "title": "Torque Split Control Unit (Computer)",
      "slug": ""
   },
   {
      "title": "Torsion Bar",
      "slug": ""
   },
   {
      "title": "Torsion Spring Arm (Lower, Rear)",
      "slug": ""
   },
   {
      "title": "Tow Hook",
      "slug": ""
   },
   {
      "title": "Track Arm (Lower, Rear)",
      "slug": ""
   },
   {
      "title": "Track Bar",
      "slug": ""
   },
   {
      "title": "Track Control Rod (Rear)",
      "slug": ""
   },
   {
      "title": "Track / Watts Linkage",
      "slug": ""
   },
   {
      "title": "Traction Control Module (Computer)",
      "slug": ""
   },
   {
      "title": "Trailer Hitch",
      "slug": ""
   },
   {
      "title": "Trailing Arm (Front)",
      "slug": ""
   },
   {
      "title": "Trailing Arm (Lower, Rear)",
      "slug": ""
   },
   {
      "title": "Trailing Link (Lower, Rear)",
      "slug": ""
   },
   {
      "title": "Trailing Link (Upper, Rear)",
      "slug": ""
   },
   {
      "title": "Trailing Rod (Lower, Rear)",
      "slug": ""
   },
   {
      "title": "Trans OD Unit ",
      "slug": ""
   },
   {
      "title": "Transaxle Assembly",
      "slug": ""
   },
   {
      "title": "Transaxle Housing",
      "slug": ""
   },
   {
      "title": "Transaxle Housing Only",
      "slug": ""
   },
   {
      "title": "Transfer Case",
      "slug": "used-transfer-cases"
   },
   {
      "title": "Transfer Case Adapter",
      "slug": "used-transfer-cases"
   },
   {
      "title": "Transfer Case Assembly",
      "slug": ""
   },
   {
      "title": "Transfer Case Control Module (Computer)",
      "slug": ""
   },
   {
      "title": "Transfer Case Core",
      "slug": "used-transfer-cases"
   },
   {
      "title": "Transfer Case Electric Motor",
      "slug": "used-transfer-cases"
   },
   {
      "title": "Transfer Case Shift Motor",
      "slug": ""
   },
   {
      "title": "Transfer Case Switch",
      "slug": "used-transfer-cases"
   },
   {
      "title": "Transmission",
      "slug": "used-transmission-assembly"
   },
   {
      "title": "Transmission Assembly",
      "slug": ""
   },
   {
      "title": "Transmission Bellhousing Only",
      "slug": "used-transmission-assembly"
   },
   {
      "title": "Transmission Clutch Actuator",
      "slug": "used-transmission-assembly"
   },
   {
      "title": "Transmission Computer",
      "slug": "used-transmission-assembly"
   },
   {
      "title": "Transmission Control Module (Computer)",
      "slug": ""
   },
   {
      "title": "Transmission Core",
      "slug": "used-transmission-assembly"
   },
   {
      "title": "Transmission Crossmember",
      "slug": "used-transmission-assembly"
   },
   {
      "title": "Transmission Front Pump",
      "slug": "used-transmission-assembly"
   },
   {
      "title": "Transmission Mount",
      "slug": "used-transmission-assembly"
   },
   {
      "title": "Transmission Oil Cooler",
      "slug": ""
   },
   {
      "title": "Transmission Pan",
      "slug": "used-transmission-assembly"
   },
   {
      "title": "Transmission Pump",
      "slug": ""
   },
   {
      "title": "Transmission Slip Yoke",
      "slug": ""
   },
   {
      "title": "Transmission Torque Converter",
      "slug": "used-transmission-assembly"
   },
   {
      "title": "Transmission Valve Body",
      "slug": "used-transmission-assembly"
   },
   {
      "title": "Transmission Wiring Harness",
      "slug": "used-transmission-assembly"
   },
   {
      "title": "Tranverse Arm (Front)",
      "slug": ""
   },
   {
      "title": "Tranverse Arm (Rear)",
      "slug": ""
   },
   {
      "title": "Tranverse Link (Rear)",
      "slug": ""
   },
   {
      "title": "Trim Ring",
      "slug": ""
   },
   {
      "title": "Truck Cab (Shell)",
      "slug": ""
   },
   {
      "title": "Trunion Arm",
      "slug": ""
   },
   {
      "title": "Trunk Lid",
      "slug": ""
   },
   {
      "title": "Trunk Lid Hinge",
      "slug": ""
   },
   {
      "title": "Trunk Lid Moulding",
      "slug": ""
   },
   {
      "title": "Trunk Lid Pull Down Motor",
      "slug": ""
   },
   {
      "title": "Trunk Lid Pulldown Motor",
      "slug": ""
   },
   {
      "title": "Trunk Lid Strut",
      "slug": ""
   },
   {
      "title": "Trunk Lid / Hatch",
      "slug": ""
   },
   {
      "title": "Trunk Lid / Hatch Hinge",
      "slug": ""
   },
   {
      "title": "Trunk Lid / Hatch Shock",
      "slug": ""
   },
   {
      "title": "Trunk Lid / Tailgate Moulding",
      "slug": ""
   },
   {
      "title": "Trunk Rack",
      "slug": ""
   },
   {
      "title": "TTop / Sunroof",
      "slug": ""
   },
   {
      "title": "Turbo Control Module (Computer)",
      "slug": ""
   },
   {
      "title": "Turbo / Supercharger Core",
      "slug": ""
   },
   {
      "title": "Turbocharger",
      "slug": ""
   },
   {
      "title": "Turbocharger / Supercharger",
      "slug": ""
   },
   {
      "title": "Turn Signal Light (Front)",
      "slug": ""
   },
   {
      "title": "Turn Signal Relay",
      "slug": ""
   },
   {
      "title": "Turn Signal Switch (on Column)",
      "slug": ""
   },
   {
      "title": "Turn Signal / Fog Lamp",
      "slug": ""
   },
   {
      "title": "TV Screen",
      "slug": ""
   },
   {
      "title": "TV Screen ",
      "slug": ""
   },
   {
      "title": "TV Tuner",
      "slug": ""
   },
   {
      "title": "Uniside",
      "slug": ""
   },
   {
      "title": "Upper Control Arm (Front)",
      "slug": ""
   },
   {
      "title": "Upper Control Arm (Rear)",
      "slug": ""
   },
   {
      "title": "Vacuum Pump",
      "slug": ""
   },
   {
      "title": "Vacuum Storage Tank",
      "slug": ""
   },
   {
      "title": "Vacuum Tank",
      "slug": ""
   },
   {
      "title": "Valance (Front)",
      "slug": ""
   },
   {
      "title": "Valance (Rear)",
      "slug": ""
   },
   {
      "title": "Valance, Front",
      "slug": ""
   },
   {
      "title": "Valance, Rear",
      "slug": ""
   },
   {
      "title": "Valve Cover",
      "slug": ""
   },
   {
      "title": "Vapor Canister",
      "slug": ""
   },
   {
      "title": "Vent Window Motor",
      "slug": ""
   },
   {
      "title": "Vent Window Regulator (Front)",
      "slug": ""
   },
   {
      "title": "Voice Control Module (Computer)",
      "slug": ""
   },
   {
      "title": "Voltage Regulator",
      "slug": ""
   },
   {
      "title": "Voltage Transformer",
      "slug": ""
   },
   {
      "title": "Warm-up Valve",
      "slug": ""
   },
   {
      "title": "Washer Nozzle",
      "slug": ""
   },
   {
      "title": "Washer Reservoir",
      "slug": ""
   },
   {
      "title": "Water Pump",
      "slug": ""
   },
   {
      "title": "Water Pump Bracket",
      "slug": ""
   },
   {
      "title": "Water Separator",
      "slug": ""
   },
   {
      "title": "Watts Linkage",
      "slug": ""
   },
   {
      "title": "Weather Stripping",
      "slug": ""
   },
   {
      "title": "Wheel",
      "slug": ""
   },
   {
      "title": "Wheel ",
      "slug": ""
   },
   {
      "title": "Wheel Bearing",
      "slug": ""
   },
   {
      "title": "Wheel Bearing (Front)",
      "slug": ""
   },
   {
      "title": "Wheel Bearing (Rear)",
      "slug": ""
   },
   {
      "title": "Wheel Center Cap",
      "slug": ""
   },
   {
      "title": "Wheel Cover",
      "slug": ""
   },
   {
      "title": "Wheel Cover / Hubcap",
      "slug": ""
   },
   {
      "title": "Wheel Lug Nut",
      "slug": ""
   },
   {
      "title": "Wheel Opening Moulding",
      "slug": ""
   },
   {
      "title": "Wheel Speed Sensor",
      "slug": ""
   },
   {
      "title": "Wheel Trim Ring",
      "slug": ""
   },
   {
      "title": "Wheelhouse (Rear)",
      "slug": ""
   },
   {
      "title": "Winch",
      "slug": ""
   },
   {
      "title": "Windage Tray",
      "slug": ""
   },
   {
      "title": "Window Control Module (Computer)",
      "slug": ""
   },
   {
      "title": "Window Lock Switch (on Dash)",
      "slug": ""
   },
   {
      "title": "Window Lock Switch (on Door)",
      "slug": ""
   },
   {
      "title": "Window Motor",
      "slug": ""
   },
   {
      "title": "Window Regulator (Back Glass / Tailgate)",
      "slug": ""
   },
   {
      "title": "Window Regulator (Front)",
      "slug": ""
   },
   {
      "title": "Window Regulator (Quarter)",
      "slug": ""
   },
   {
      "title": "Window Regulator (Rear)",
      "slug": ""
   },
   {
      "title": "Window Relay",
      "slug": ""
   },
   {
      "title": "Window Shade",
      "slug": ""
   },
   {
      "title": "Window Switch",
      "slug": ""
   },
   {
      "title": "Window Switch (Front Door)",
      "slug": ""
   },
   {
      "title": "Window Switch (Rear Door)",
      "slug": ""
   },
   {
      "title": "Window Washer Motor, Rear",
      "slug": ""
   },
   {
      "title": "Windshield",
      "slug": ""
   },
   {
      "title": "Windshield Frame",
      "slug": ""
   },
   {
      "title": "Windshield Hinge",
      "slug": ""
   },
   {
      "title": "Windshield Washer Motor",
      "slug": ""
   },
   {
      "title": "Windshield Washer Motor (Front)",
      "slug": ""
   },
   {
      "title": "Windshield Washer Reservoir",
      "slug": ""
   },
   {
      "title": "Windshield Washer Switch (on Column)",
      "slug": ""
   },
   {
      "title": "Windshield Washer Switch (on Dash)",
      "slug": ""
   },
   {
      "title": "Windshield Wiper Arm",
      "slug": ""
   },
   {
      "title": "Windshield Wiper Motor",
      "slug": ""
   },
   {
      "title": "Windshield Wiper Switch (on Column)",
      "slug": ""
   },
   {
      "title": "Windshield Wiper Switch (on Dash)",
      "slug": ""
   },
   {
      "title": "Wiper Arm",
      "slug": ""
   },
   {
      "title": "Wiper Control Module (Computer)",
      "slug": ""
   },
   {
      "title": "Wiper Linkage",
      "slug": ""
   },
   {
      "title": "Wiper Motor (Front)",
      "slug": ""
   },
   {
      "title": "Wiper Motor (Rear)",
      "slug": ""
   },
   {
      "title": "Wiper Motor, Front (Windshield)",
      "slug": ""
   },
   {
      "title": "Wiper Motor, Rear",
      "slug": ""
   },
   {
      "title": "Wiper Relay",
      "slug": ""
   },
   {
      "title": "Wiper Switch (on Column)",
      "slug": ""
   },
   {
      "title": "Wiper Switch (on Dash)",
      "slug": ""
   },
   {
      "title": "Wiper Transmission",
      "slug": ""
   },
   {
      "title": "Wiring Harness (Air Conditioning)",
      "slug": ""
   },
   {
      "title": "Wiring Harness (Body)",
      "slug": ""
   },
   {
      "title": "Wiring Harness (Dash)",
      "slug": ""
   },
   {
      "title": "Wiring Harness (Engine)",
      "slug": "used-engine-assembly"
   },
   {
      "title": "Wiring Harness (Lamp)",
      "slug": ""
   },
   {
      "title": "Wiring Harness (Misc)",
      "slug": ""
   },
   {
      "title": "Wiring Harness (Transmission)",
      "slug": "used-transmission-assembly"
   },
   {
      "title": "XM Tuner",
      "slug": ""
   },
   {
      "title": "Yoke / U-Joint",
      "slug": ""
   }
]