[{
    "img": "../assets/images/parts-old/car-engine.svg",
    "alt": "ENGINES",
    "name": "ENGINES",
    "to": "/used-engines-assembly",
    "desc": "Driven, Tested and Quality assured low mileage used OEM Engine assemblies for sale at affordable prices. We deliver to your mechanic’s auto shop.",
    "button": "View More"
  },
  {
    "img": "../assets/images/parts-old/stearing-wheel.svg",
    "alt": "STEERING COLUMNS",
    "name": "STEERING COLUMNS",
    "to": "/used-steering-assembly",
    "desc": "Steering is the collection of components, linkages, etc. which allows any vehicle to follow the desired course. Get your quality used steering column now !.",
    "button": "View More"
  },
  {
    "img": "../assets/images/parts-old/Transmission.svg",
    "alt": "TRANSMISSIONS",
    "name": "TRANSMISSIONS",
    "to": "/used-transmission-sssembly",
    "desc": "OEM replacement Automatic and Manual Transmissions for all makes and models. OEM quality guaranteed – Tested and quality checked.",
    "button": "View More"
  },
  {
    "img": "../assets/images/parts-old/ABS.svg",
    "alt": "A.B.S",
    "name": "A.B.S",
    "to": "/used-abs-assembly",
    "desc": "Get quality tested used OEM ABS assembly with ABS pump and module for low prices.",
    "button": "View More"
  },
  {
    "img": "../assets/images/parts-old/AxelAssembly.svg",
    "alt": "AXLE ASSEMBLIES",
    "name": "AXLE ASSEMBLIES ",
    "to": "/used-axles-assembly",
    "desc": "Hub to hub OEM replacement Axle Assemblies.",
    "button": "View More"
  }, {
    "img": "../assets/images/parts-old/Alternators.svg",
    "alt": "ALTERNATORS",
    "name": "ALTERNATORS",
    "to": "/used-alternator-assembly",
    "desc": "'Own a quality used OEM Alternator with warranty'.Buy used and save upto 70 % today",
    "button": "View More"
  }, {
    "img": "../assets/images/parts-old/TransferCase.svg",
    "alt": "TRANSFER CASE",
    "name": "TRANSFER CASE",
    "to": "/used-transfer-case-assembly",
    "desc": "Quality tested Transfer Case Assemblies available for all make and models.",
    "button": "View More"
  }, {
    "img": "../assets/images/parts-old/Struts.svg",
    "alt": "STRUTS",
    "name": "STRUTS",
    "to": "/used-struts-assembly",
    "desc": "High quality used struts with coil spring and shock absorbers. We also provide air struts with air spring.",
    "button": "View More"
  }
]