[
    {
        "img": "../assets/images/parts/2006_Jeep_Wrangler_Transfer_Case.jpg",
        "title": "2006 Jeep Wrangler Transfer Case",
        "desc": "2006 Jeep Wrangler Transfer Case model 231",
        "priceFrom": "Price Starting from $685",
        "date": "Arrived 02/03/2021",
        "stockNum": "Stock# 10153P"
    },
    {
        "img": "../assets/images/parts/2006_Honda_CRV_2_4.jpg",
        "title": "2006 Honda CRV 2.4",
        "desc": "Now parting now 2006_Honda_CRV_2.4",
        "priceFrom": "Price Starting from $2100",
        "date": "Arrived 04/03/2021",
        "stockNum": "Stock# 10155P"
    },
    {
        "img": "../assets/images/parts/2007_Audi_Q7_Steering_Column.jpg",
        "title": "2007 Audi Q7 Steering Column",
        "desc": "2007 Audi Q7 Steering Column blind spot alert",
        "priceFrom": "Price Starting from $465",
        "date": "Arrived 12/03/2021",
        "stockNum": "Stock# 10163P"
    },
    {
        "img": "../assets/images/parts/2007_Toyota_Camry_Engine.jpg",
        "title": "2007 Toyota Camry Engine 2.4L",
        "desc": "2007 Toyota Camry Engine 2.4L, VIN E (5th digit, 2AZFE engine, 4 cylinder, without hybrid)",
        "priceFrom": "Price Starting from $1550",
        "date": "Arrived 02/03/2021",
        "stockNum": "Stock# 10153P"
    },
    {
        "img": "../assets/images/parts/2012_Ford_Focus_Transmission_AT.jpg",
        "title": "2012 Ford Focus Transmission AT",
        "desc": "2012 Ford Focus Transmission AT",
        "priceFrom": "Price Starting from $1350",
        "date": "Arrived 04/03/2021",
        "stockNum": "Stock# 10155P"
    },
    {
        "img": "../assets/images/parts/Dodge_4.7L_Engine_2008_Dodge_Dakota.jpg",
        "title": "2008 Dodge Dakota Engine 4.7L",
        "desc": "Dodge 4.7L Engine 2008 Dodge Dakota 4.7L",
        "priceFrom": "Price Starting from $2895",
        "date": "Arrived 12/03/2021",
        "stockNum": "Stock# 10163P"
    },
    {
        "img": "../assets/images/parts/2004_Ford_F250_SD electronic_shift_AT_4R100_(4_speed_transmission).jpg",
        "title": "2014 Honda Accord ABS Module",
        "desc": "2014 Honda Accord ABS Module Assembly",
        "priceFrom": "Price Starting from $385",
        "date": "Arrived 02/03/2021",
        "stockNum": "Stock# 10153P"
    },
    {
        "img": "../assets/images/parts/2006_Honda_CRV_2_4.jpg",
        "title": "2006 Honda CRV 2.4",
        "desc": "Now parting now 2006_Honda_CRV_2.4",
        "priceFrom": "Price Starting from $2100",
        "date": "Arrived 04/03/2021",
        "stockNum": "Stock# 10155P"
    }
]
