[
    {
        "img": "../assets/images/parts/2004_Ford_F250_SD electronic_shift_AT_4R100_(4_speed_transmission).jpg",
        "title": "2004 Ford F250 SD electronic shift,",
        "desc": "Now parting now Ford F250. AT, 4R100 (4 speed transmission)",
        "date": "Arrived 02/03/2021",
        "stockNum": "Stock# 10153P"
    },
    {
        "img": "../assets/images/parts/2006_Honda_CRV_2_4.jpg",
        "title": "2006 Honda CRV 2.4",
        "desc": "Now parting now 2006_Honda_CRV_2.4",
        "date": "Arrived 04/03/2021",
        "stockNum": "Stock# 10155P"
    },
    {
        "img": "../assets/images/parts/2005_Nissan_Titan_Column_Shift.jpg",
        "title": "2005 Nissan Titan Column Shift",
        "desc": "Now parting now 2005 Nissan Titan Column Shift",
        "date": "Arrived 12/03/2021",
        "stockNum": "Stock# 10163P"
    },
    {
        "img": "../assets/images/parts/2004_Ford_F250_SD electronic_shift_AT_4R100_(4_speed_transmission).jpg",
        "title": "2004 Ford F250 SD electronic shift,",
        "desc": "Now parting now Ford F250. AT, 4R100 (4 speed transmission)",
        "date": "Arrived 02/03/2021",
        "stockNum": "Stock# 10153P"
    },
    {
        "img": "../assets/images/parts/2006_Honda_CRV_2_4.jpg",
        "title": "2006 Honda CRV 2.4",
        "desc": "Now parting now 2006_Honda_CRV_2.4",
        "date": "Arrived 04/03/2021",
        "stockNum": "Stock# 10155P"
    },
    {
        "img": "../assets/images/parts/2005_Nissan_Titan_Column_Shift.jpg",
        "title": "2005 Nissan Titan Column Shift",
        "desc": "Now parting now 2005 Nissan Titan Column Shift",
        "date": "Arrived 12/03/2021",
        "stockNum": "Stock# 10163P"
    },
    {
        "img": "../assets/images/parts/2004_Ford_F250_SD electronic_shift_AT_4R100_(4_speed_transmission).jpg",
        "title": "2004 Ford F250 SD electronic shift,",
        "desc": "Now parting now Ford F250. AT, 4R100 (4 speed transmission)",
        "date": "Arrived 02/03/2021",
        "stockNum": "Stock# 10153P"
    },
    {
        "img": "../assets/images/parts/2006_Honda_CRV_2_4.jpg",
        "title": "2006 Honda CRV 2.4",
        "desc": "Now parting now 2006_Honda_CRV_2.4",
        "date": "Arrived 04/03/2021",
        "stockNum": "Stock# 10155P"
    }
]
